,Values
0,148.4131591025766
1,121.01546742028926
2,98.67550454086953
3,80.45959251290459
4,65.60641425108047
5,53.49519499734032
6,43.61975761777491
7,35.56736740053064
8,29.001482192758264
9,23.64768693463453
10,19.282224737400533
11,15.72264517249992
12,12.820178925767504
13,10.453520122438803
14,8.5237564610426
15,6.95023526584222
16,5.667192683335804
17,4.621005143221287
18,3.7679482111958893
19,3.0723691669291933
20,2.5051969318074176
21,2.0427270702661424
22,1.665631084973269
23,1.3581486002766736
24,1.1074286719757576
25,0.9029926940720302
26,0.7362964551863369
27,0.6003730411984042
28,0.48954165955695306
29,0.39917021584348367
30,0.3254817196982518
31,0.2653964290243296
32,0.21640313503371336
33,0.17645420861381114
34,0.14388002157489863
35,0.11731916609425073
36,0.0956615559435782
37,0.07800203146853764
38,0.06360252928362677
39,0.05186123560007895
40,0.04228743397881315
41,0.03448099629368951
42,0.028115659748972045
43,0.022925391029511445
44,0.018693267685999035
45,0.015242412063139546
46,0.012428598862710038
47,0.010134227381485734
48,0.008263406499327719
49,0.006737946999085467
50,54.598150033144236
51,46.37380228602078
52,39.388322446043524
53,33.45509465763974
54,28.415613792256373
55,24.13525101194963
56,20.499657183845784
57,17.41170806332765
58,14.788909637057365
59,12.561194310034212
60,10.669049062215446
61,9.061925568736013
62,7.696889810370731
63,6.537475098821861
64,5.552707875605838
65,4.716280258929253
66,4.005847233290456
67,3.402429706351663
68,2.8899074858516647
69,2.4545886315272774
70,2.084843677356463
71,1.7707949524351554
72,1.504052700750132
73,1.2774909503344114
74,1.0850571441894166
75,0.9216104472977248
76,0.7827844101269202
77,0.6648703197043963
78,0.5647181220077594
79,0.4796522688300443
80,0.4074002409836746
81,0.346031838353226
82,0.293907614941522
83,0.24963508136045096
84,0.2120315047238165
85,0.18009231214795252
86,0.15296425376522108
87,0.12992260830505953
88,0.11035182229371188
89,0.09372906565229996
90,0.0796102643839507
91,0.06761823721569352
92,0.05743261926761737
93,0.04878130356189681
94,0.041433171733117245
95,0.03519191974211424
96,0.029890813648367372
97,0.025388235342336807
98,0.021563899242772386
99,0.01831563888873418
100,20.085536923187668
101,17.770699765130956
102,15.722645172499927
103,13.91062673319063
104,12.307441526990214
105,10.889021741836384
106,9.634073355876593
107,8.5237564610426
108,7.54140242899933
109,6.672263673422753
110,5.903292251913961
111,5.222943983811504
112,4.621005143221287
113,4.088439125493832
114,3.617250785229937
115,3.2003664091895088
116,2.8315275221973533
117,2.5051969318074176
118,2.216475601221394
119,1.961029102516639
120,1.7350225460627982
121,1.5350630092552102
122,1.358148600276674
123,1.2016233922074937
124,1.0631375509322782
125,0.9406120582638515
126,0.8322075006903012
127,0.7362964551863366
128,0.6514390575310557
129,0.5763613863515786
130,0.5099363383830838
131,0.4511667078351542
132,0.39917021584348367
133,0.3531662652616456
134,0.31246422194927653
135,0.27645304662956444
136,0.24459212166433147
137,0.21640313503371336
138,0.19146289967870544
139,0.16939700040698158
140,0.14987417298618502
141,0.13260133104084862
142,0.11731916609425083
143,0.10379825470085506
144,0.09183561422767024
145,0.08125165557821265
146,0.07188748711185018
147,0.06360252928362682
148,0.056272404194356224
149,0.049787068367863944
150,7.38905609893065
151,6.809831296443457
152,6.276011667137301
153,5.784037919796147
154,5.33062977445033
155,4.912764090809738
156,4.527654711199363
157,4.172733883598096
158,3.8456351409172145
159,3.5441775223645626
160,3.266351031688947
161,3.0103032353462353
162,2.774326911229232
163,2.556848665608088
164,2.356418442383661
165,2.171699854705814
166,2.001461274491829
167,1.8445676204334889
168,1.6999727897386077
169,1.5667126831449592
170,1.4438987767002447
171,1.3307121974473501
172,1.2263982635139907
173,1.130261452202282
174,1.041660762527521
175,0.9600054412854777
176,0.8847510441513591
177,0.815395805547463
178,0.751477293075286
179,0.6925693242051978
180,0.6382791246654356
181,0.5882447095837122
182,0.5421324699199652
183,0.4996349480975595
184,0.46046878800176727
185,0.4243728456769501
186,0.3911064481253423
187,0.3604477885978211
188,0.33219244767711364
189,0.3061520302926309
190,0.2821529095790981
191,0.2600350692035471
192,0.23965103644177585
193,0.22086489889046837
194,0.20355139825881138
195,0.18759509519738046
196,0.17288959959571706
197,0.15933686121653334
198,0.1468465159367848
199,0.1353352832366127
200,2.718281828459045
201,2.6095653462681208
202,2.505196931807418
203,2.4050026860268052
204,2.3088156648919225
205,2.2164756012213935
206,2.1278286376490385
207,2.042727070266142
208,1.961029102516639
209,1.8825986089351503
210,1.8073049083342154
211,1.7350225460627984
212,1.6656310849732698
213,1.599014904748573
214,1.53506300925521
215,1.4736688416010613
216,1.4147301065898856
217,1.358148600276674
218,1.3038300463398624
219,1.2516839389977643
220,1.201623392207494
221,1.1535649948951079
222,1.107428671975758
223,1.063137550932278
224,1.0206178337299034
225,0.9797986738537043
226,0.9406120582638515
227,0.9029926940720302
228,0.8668778997501817
229,0.8322075006903012
230,0.7989237289412773
231,0.7669711269557102
232,0.7362964551863368
233,0.7068486033780922
234,0.678578505408009
235,0.6514390575310557
236,0.6253850398956968
237,0.6003730411984045
238,0.5763613863515786
239,0.553310067044357
240,0.5311806750806152
241,0.5099363383830839
242,0.48954165955695317
243,0.4699626569105979
244,0.4511667078351542
245,0.4331224944486034
246,0.4157999514137984
247,0.39917021584348367
248,0.3832055792088429
249,0.36787944117144233
250,2.718281828459045
251,2.5568486656080878
252,2.4050026860268052
253,2.262174526633764
254,2.1278286376490385
255,2.0014612744918288
256,1.8825986089351503
257,1.770794952435155
258,1.6656310849732698
259,1.5667126831449592
260,1.473668841601061
261,1.3861506822976797
262,1.3038300463398624
263,1.2263982635139905
264,1.1535649948951079
265,1.0850571441894163
266,1.0206178337299034
267,0.9600054412854777
268,0.9029926940720302
269,0.8493658165683124
270,0.7989237289412772
271,0.751477293075286
272,0.7068486033780922
273,0.6648703197043959
274,0.6253850398956968
275,0.5882447095837121
276,0.5533100670443569
277,0.5204501210207021
278,0.48954165955695317
279,0.46046878800176727
280,0.4331224944486033
281,0.40740024098367433
282,0.3832055792088429
283,0.3604477885978211
284,0.33904153632964995
285,0.31890655732397044
286,0.2999673532783388
287,0.282152909579098
288,0.26539642902432975
289,0.24963508136045096
290,0.23480976769331768
291,0.22086489889046837
292,0.20774818714360088
293,0.19541044990972617
294,0.18380542549585277
295,0.17288959959571706
296,0.16262204212814052
297,0.15296425376522102
298,0.14388002157489863
299,0.1353352832366127
300,13.7785831249408
301,12.698486156905574
302,11.703057507069712
303,10.785660063841515
304,9.940176995838184
305,9.160970967352984
306,8.442846550903655
307,7.781015586244371
308,7.1710652548692435
309,6.608928657141217
310,6.090857695866669
311,5.6133980855144685
312,5.1733663204511835
313,4.767828448625999
314,4.394080509177025
315,4.0496305035248525
316,3.7321817797440495
317,3.4396177194263324
318,3.1699876249336825
319,2.9214937129433833
320,2.6924791275632423
321,2.481416893093348
322,2.286899732775891
323,2.107630685648636
324,1.9424144589390497
325,1.7901494583403863
326,1.6498204430308634
327,1.5204917564626044
328,1.401301087786004
329,1.2914537223132478
330,1.1902172426854238
331,1.0969166454127781
332,1.0109298402271902
333,0.9316835022383982
334,0.8586492492378414
335,0.7913401186619424
336,0.7293073207246674
337,0.6721372460705659
338,0.6194487079965554
339,0.5708904008547031
340,0.5261385576896803
341,0.484894791492966
342,0.44688410568016934
343,0.4118530605261448
344,0.3795680833324372
345,0.3498139110599475
346,0.32239215504292473
347,0.2971199782143873
348,0.2738288760232517
349,14.950550056524747
350,13.500237473400025
351,12.190615806717664
352,11.008037009705058
353,9.940176995838184
354,8.97590720502474
355,8.105178628805836
356,7.3189170859604245
357,6.608928657141215
358,5.96781429304179
359,5.3888927061953735
360,4.866130742832473
361,4.394080509177025
362,3.9678225969511596
363,3.582914816420806
364,3.235345902710416
365,2.921493712943383
366,2.6380874785652435
367,2.382173719467318
368,2.1510854646893818
369,1.9424144589390497
370,1.7539860652818375
371,1.5838366024536454
372,1.4301928806195083
373,1.2914537223132472
374,1.1661732759809906
375,1.05304594823288
376,0.9508927977764435
377,0.8586492492378408
378,0.7753539988322041
379,0.7001389962650133
380,0.6322203984622314
381,0.5708904008547029
382,0.5155098610876494
383,0.4655016382842345
384,0.4203445784492244
385,0.379568083332437
386,0.3427472061521142
387,0.30949822306895897
388,0.2794746342595454
389,0.2523635529148222
390,0.22788244453214465
391,0.20577618251980126
392,0.18581438942941314
393,0.167789036108215
394,0.15151227375110624
395,0.13681447625949034
396,0.123542472505611
397,0.1115579500801614
398,0.10073601388803799
399,14.950550056524747
400,13.227514773147428
401,11.703057507069712
402,10.354292349143327
403,9.160970967352984
404,8.105178628805836
405,7.1710652548692435
406,6.344607471923093
407,5.6133980855144685
408,4.966459817396166
409,4.394080509177025
410,3.887667318579507
411,3.4396177194263324
412,3.043205368743963
413,2.6924791275632423
414,2.382173719467318
415,2.107630685648636
416,1.8647284498130747
417,1.6498204430308634
418,1.4596803596338137
419,1.2914537223132472
420,1.142615029289805
421,1.0109298402271902
422,0.8944212317047728
423,0.7913401186619424
424,0.7001389962650136
425,0.619448707996555
426,0.5480578911981623
427,0.484894791492966
428,0.429011173076957
429,0.379568083332437
430,0.33582325805490376
431,0.2971199782143873
432,0.2628772109634082
433,0.2325808868834723
434,0.20577618251980126
435,0.1820606923458748
436,0.16107838765193197
437,0.1425142716652642
438,0.12608965066231295
439,0.1115579500801614
440,0.098701012816808
441,0.08732582414846755
442,0.07726161409673456
443,0.06835729374490528
444,0.06047918701616611
445,0.053509023861978235
446,0.04734216473340524
447,0.04188602968026593
448,0.03705870849497007
449,2.718281828459045
450,25.861696346257276
451,24.325823430447777
452,22.88116284587651
453,21.522297679930265
454,20.244132719286515
455,19.041875344854667
456,17.911017561327434
457,16.847319093960184
458,15.84679148919777
459,14.905683159532398
460,14.020465316516594
461,13.187818739185612
462,12.404621328275969
463,11.66793639957333
464,10.975001672494379
465,10.32321891261415
466,9.710144189302312
467,9.133478711938423
468,8.591060210345471
469,8.080854827121728
470,7.600949491470347
471,7.1495447459314985
472,6.72494799912013
473,6.325567179169754
474,5.949904764085127
475,5.596552166620006
476,5.26418445262546
477,4.951555373064599
478,4.657492691065725
479,4.380893786492175
480,4.120721521547722
481,3.876000351915153
482,3.6458126688463235
483,3.429295358487966
484,3.225636565542037
485,3.034072649125636
486,2.8538853194161207
487,2.6843989443449856
488,2.524978016241647
489,2.375024768928032
490,2.2339769363290234
491,2.101305644194416
492,1.9765134270271578
493,1.8591323627821528
494,1.7487223183414582
495,1.644869299187093
496,1.5471838970833898
497,1.4552998299482944
498,1.368872568438698
499,1.2875780441000482
500,25.861696346257276
501,23.8344095375521
502,21.966040834980554
503,20.244132719286515
504,18.657204210576154
505,17.19467431783408
506,15.84679148919777
507,14.604568592593337
508,13.459722993210251
509,12.404621328275969
510,11.432228610911313
511,10.536061323711824
512,9.710144189302312
513,8.94897032962831
514,8.247464548342814
515,7.600949491470349
516,7.005114460721402
517,6.455986671517211
518,5.949904764085127
519,5.483494391007357
520,5.0536457184508565
521,4.657492691065725
522,4.2923939222989675
523,3.955915082707987
524,3.6458126688463235
525,3.3600190444991718
526,3.0966286545297566
527,2.8538853194161207
528,2.630170525763501
529,2.4239926347181924
530,2.2339769363290243
531,2.0588564835429928
532,1.8974636447198783
533,1.7487223183414582
534,1.6116407580061853
535,1.4853049598693253
536,1.368872568438698
537,1.261567260092374
538,1.1626735668698978
539,1.071532106024208
540,0.9875351835268433
541,0.9101227422124147
542,0.8387786275462155
543,0.7730271461166393
544,0.7124298939058399
545,0.6565828331908317
546,0.6051135985850097
547,0.5576790142578667
548,0.5139628057787468
549,0.47367349132814446
550,25.861696346257276
551,23.352922856979635
552,21.08751872508033
553,19.041875344854667
554,17.19467431783408
555,15.526665285952147
556,14.020465316516594
557,12.660377748304777
558,11.432228610911313
559,10.32321891261415
560,9.321791257396782
561,8.417509401093817
562,7.600949491470347
563,6.863601858808237
564,6.197782333523042
565,5.596552166620004
566,5.053645718450856
567,4.563405162189518
568,4.120721521547722
569,3.7209814282629723
570,3.3600190444991718
571,3.034072649125636
572,2.739745435444218
573,2.473970111823322
574,2.2339769363290234
575,2.017264852230525
576,1.8215754235724577
577,1.6448692991870923
578,1.4853049598693249
579,1.3412195272309502
580,1.2111114342362899
581,1.0936247768224678
582,0.987535183526843
583,0.8917370558638207
584,0.8052320464783319
585,0.7271186550026028
586,0.6565828331908313
587,0.5928895014244352
588,0.5353748881782733
589,0.48343961261461094
590,0.43654243821600613
591,0.39419463236144414
592,0.35595487306479395
593,0.3214246497968458
594,0.2902441104612124
595,0.2620883112439101
596,0.2366638302549271
597,0.21370570967130229
598,0.19297469451466437
599,0.1742547392875238
600,2.505196931807418
601,29.418637944698368
602,26.028170639082663
603,23.02845115027813
604,20.37444620039713
605,18.02631254980705
606,15.948798850640532
607,14.110716436064202
608,12.484471100531543
609,11.045648841872747
610,9.772649346176161
611,8.646361713154453
612,7.6498775538237345
613,6.768237153375591
614,5.988204888513076
615,5.298070527704214
616,4.687473431373844
617,4.147247012839761
618,3.6692811249635837
619,3.246400306596403
620,2.8722560609944585
621,2.5412315490349173
622,2.248357266439018
623,1.9892364391072155
624,1.7599790165640403
625,1.5571432725895162
626,1.3776841363168382
627,1.2189074781170854
628,1.0784296639879913
629,0.9541417712571743
630,0.8441779283882117
631,0.7468873035910016
632,0.6608093217155316
633,0.5846517373727679
634,0.5172712351054621
635,0.45765626536902076
636,0.4049118586476526
637,0.3582461897277779
638,0.3169586904248974
639,0.2804295323062753
640,0.2481103215188542
641,0.21951586602853565
642,0.1942168916765368
643,0.17183359770264717
644,0.15202995498770167
645,0.13450866141765316
646,0.11900667863667018
647,0.10529128318477918
648,0.09315657273776982
649,0.0824203749993038
650,33.25075244518793
651,28.824342444797725
652,24.987185440226273
653,21.660838835091663
654,18.777302476191434
655,16.277628533534717
656,14.110716436064202
657,12.232268228065703
658,10.603882990726474
659,9.19227181619764
660,7.968577285958199
661,6.907783541648445
662,5.988204888513076
663,5.1910424770279855
664,4.5
665,3.9009505488758176
666,3.381647818838787
667,2.9314757588897504
668,2.5412315490349173
669,2.2029374680062896
670,1.9096778055462755
671,1.6554574852714905
672,1.4350795079578669
673,1.2440387098330399
674,1.0784296639879913
675,0.934866842146204
676,0.810415404665786
677,0.7025312039218702
678,0.6090087745647572
679,0.5279362474241287
680,0.45765626536902076
681,0.3967321021306087
682,0.34391829145845654
683,0.2981351661851775
684,0.2584467867042782
685,0.22404180765538775
686,0.1942168916765368
687,0.16836233115256466
688,0.14594958402657993
689,0.12652046887037421
690,0.10967779832975828
691,0.0950772594653248
692,0.0824203749993038
693,0.07144840157601891
694,0.061937040298726806
695,0.053691851410902686
696,0.046544279384782124
697,0.04034820715846563
698,0.034976969080215914
699,0.030320761495884602
700,27.76656100199093
701,25.589952704964418
702,23.583967758749893
703,21.73523107519661
704,20.03141603333135
705,18.46116229048532
706,17.014000036170074
707,15.680280183658205
708,14.451110033814889
709,13.318293982212777
710,12.274278874189713
711,11.312103643498995
712,10.425352898763336
713,9.608114148265908
714,8.854938377870944
715,8.16080371922343
716,7.52108196598244
717,6.93150771483193
718,6.3881499255138845
719,5.88738571025778
720,5.425876177844906
721,5.000544171245713
722,4.608553750393792
723,4.24729128329603
724,3.914348019402181
725,3.607504029040209
726,3.324713401832091
727,3.0640906053992136
728,2.8238979134027256
729,2.6025338190941985
730,2.39852235712286
731,2.210503262401592
732,2.037222900415011
733,1.8775259084966465
734,1.7303474923426623
735,1.5947063263984174
736,1.4696980107805568
737,1.3544890411080452
738,1.2483112510354524
739,1.1504566904335656
740,1.0602729050671384
741,0.9771585862965835
742,0.9005595617976068
743,0.8299651005665357
744,0.7649045075746261
745,0.704943985365897
746,0.6496837416729051
747,0.5987553237652254
748,0.5518191617571635
749,2.3088156648919225
750,2.1278286376490385
751,1.961029102516639
752,1.8073049083342154
753,1.6656310849732698
754,1.53506300925521
755,1.4147301065898856
756,1.3038300463398624
757,1.201623392207494
758,1.107428671975758
759,1.0206178337299034
760,0.9406120582638515
761,0.8668778997501817
762,0.7989237289412773
763,0.7362964551863368
764,0.678578505408009
765,0.6253850398956968
766,0.5763613863515786
767,0.5311806750806152
768,0.48954165955695317
769,0.4511667078351542
770,0.4157999514137984
771,0.3832055792088429
772,0.3531662652616454
773,0.32548171969825207
774,0.2999673532783388
775,0.27645304662956444
776,0.2547820159610916
777,0.2348097676933178
778,0.21640313503371345
779,0.19943939007505057
780,0.18380542549585277
781,0.1693970004069815
782,0.15611804531597115
783,0.14388002157489863
784,0.13260133104084862
785,0.12220677201283016
786,0.11262703781755552
787,0.1037982547008551
788,0.09566155594357824
789,0.08816268936235745
790,0.08125165557821261
791,0.07488237464111723
792,0.06901237878771585
793,0.06360252928362682
794,0.05861675546234995
795,0.05402181422079769
796,0.049787068367863944
797,2.718281828459045
798,2.4545886315272774
799,2.2164756012213935
800,2.0014612744918288
801,1.8073049083342154
802,1.6319831281863164
803,1.473668841601061
804,1.33071219744735
805,1.2016233922074937
806,1.0850571441894163
807,0.9797986738537043
808,0.8847510441513587
809,0.7989237289412772
810,0.7214222903547562
811,0.6514390575310556
812,0.588244709583712
813,0.5311806750806151
814,0.4796522688300443
815,0.4331224944486033
816,0.3911064481253421
817,0.3531662652616454
818,0.31890655732397044
819,0.28797029135520824
820,0.26003506920354696
821,0.23480976769331768
822,0.2120315047238165
823,0.19146289967870544
824,0.172889599595717
825,0.15611804531597107
826,0.14097345433312802
827,0.12729799932091151
828,0.11494916335676936
829,0.10379825470085506
830,0.09372906565229988
831,0.08463666150622445
832,0.07642628699076807
833,0.06901237878771582
834,0.06231767384583894
835,0.056272404194356175
836,0.05081356986537189
837,0.045884282348149494
838,0.04143317173311721
839,0.03741385136723659
840,0.03378443444171148
841,0.03050709747422091
842,0.027547686136564768
843,0.024875359319907336
844,0.02246226772829291
845,0.020283263650938434
846,0.01831563888873418
847,2.718281828459045
848,2.4050026860268052
849,2.1278286376490385
850,1.8825986089351503
851,1.6656310849732698
852,1.473668841601061
853,1.3038300463398624
854,1.1535649948951079
855,1.0206178337299034
856,0.9029926940720302
857,0.7989237289412772
858,0.7068486033780922
859,0.6253850398956968
860,0.5533100670443569
861,0.48954165955695317
862,0.4331224944486033
863,0.3832055792088429
864,0.33904153632964995
865,0.2999673532783388
866,0.26539642902432975
867,0.23480976769331768
868,0.20774818714360088
869,0.18380542549585277
870,0.16262204212814052
871,0.14388002157489863
872,0.12729799932091157
873,0.11262703781755547
874,0.09964688930875677
875,0.08816268936235745
876,0.07800203146853764
877,0.06901237878771582
878,0.06105877419180068
879,0.05402181422079769
880,0.047795856538801494
881,0.04228743397881315
882,0.03741385136723659
883,0.03310194406288633
884,0.02928697957307854
885,0.025911685757320762
886,0.022925391029511445
887,0.020283263650938434
888,0.01794563869396509
889,0.015877422572448646
890,0.014047566199406284
891,0.01242859886271005
892,0.01099621582112111
893,0.009728913429450588
894,0.008607666315164589
895,0.007615641760048351
896,0.006737946999085467
897,7.38905609893065
898,6.950235265842222
899,6.53747509882186
900,6.149227908551504
901,5.784037919796147
902,5.440535812815619
903,5.1174335889506954
904,4.813519741131481
905,4.527654711199363
906,4.258766617009257
907,4.0058472332904556
908,3.7679482111958893
909,3.5441775223645626
910,3.3336961141638084
911,3.1357147635698226
912,2.949491117889757
913,2.774326911229232
914,2.6095653462681208
915,2.4545886315272774
916,2.3088156648919225
917,2.1716998547058135
918,2.0427270702661424
919,1.9214137140343228
920,1.8073049083342154
921,1.6999727897386077
922,1.599014904748573
923,1.5040527007501314
924,1.4147301065898854
925,1.3307121974473501
926,1.2516839389977643
927,1.177349006156492
928,1.107428671975758
929,1.041660762527521
930,0.9797986738537046
931,0.9216104472977248
932,0.8668778997501817
933,0.815395805547463
934,0.7669711269557101
935,0.7214222903547562
936,0.6785785054080091
937,0.6382791246654352
938,0.6003730411984045
939,0.5647181220077594
940,0.5311806750806151
941,0.4996349480975595
942,0.469962656910598
943,0.44205254202382566
944,0.4157999514137984
945,0.3911064481253423
946,0.36787944117144233
947,7.38905609893065
948,6.809831296443457
949,6.276011667137301
950,5.784037919796147
951,5.33062977445033
952,4.912764090809738
953,4.527654711199363
954,4.172733883598096
955,3.8456351409172145
956,3.5441775223645626
957,3.266351031688947
958,3.0103032353462353
959,2.774326911229232
960,2.556848665608088
961,2.356418442383661
962,2.171699854705814
963,2.001461274491829
964,1.8445676204334889
965,1.6999727897386077
966,1.5667126831449592
967,1.4438987767002447
968,1.3307121974473501
969,1.2263982635139907
970,1.130261452202282
971,1.041660762527521
972,0.9600054412854777
973,0.8847510441513591
974,0.815395805547463
975,0.751477293075286
976,0.6925693242051978
977,0.6382791246654356
978,0.5882447095837122
979,0.5421324699199652
980,0.4996349480975595
981,0.46046878800176727
982,0.4243728456769501
983,0.3911064481253423
984,0.3604477885978211
985,0.33219244767711364
986,0.3061520302926309
987,0.2821529095790981
988,0.2600350692035471
989,0.23965103644177585
990,0.22086489889046837
991,0.20355139825881138
992,0.18759509519738046
993,0.17288959959571706
994,0.15933686121653334
995,0.1468465159367848
996,0.1353352832366127
997,7.38905609893065
998,6.672263673422753
999,6.025005350022951
1000,5.440535812815619
1001,4.912764090809738
1002,4.436190081700613
1003,4.0058472332904556
1004,3.617250785229936
1005,3.266351031688947
1006,2.949491117889757
1007,2.663368930684795
1008,2.405002686026805
1009,2.1716998547058135
1010,1.961029102516639
1011,1.770794952435155
1012,1.5990149047485727
1013,1.4438987767002445
1014,1.3038300463398624
1015,1.177349006156492
1016,1.0631375509322778
1017,0.9600054412854777
1018,0.8668778997501817
1019,0.7827844101269195
1020,0.7068486033780921
1021,0.6382791246654352
1022,0.5763613863515786
1023,0.5204501210207022
1024,0.4699626569105978
1025,0.42437284567694994
1026,0.3832055792088429
1027,0.34603183835322565
1028,0.31246422194927653
1029,0.282152909579098
1030,0.2547820159610916
1031,0.23006629899380912
1032,0.2077481871436008
1033,0.18759509519738038
1034,0.1693970004069815
1035,0.15296425376522094
1036,0.13812560360417456
1037,0.12472641091885889
1038,0.11262703781755547
1039,0.10170139230422684
1040,0.09183561422767024
1041,0.08292688870320354
1042,0.07488237464111716
1043,0.06761823721569346
1044,0.061058774191800655
1045,0.05513562700418982
1046,0.049787068367863944
1047,7.38905609893065
1048,6.53747509882186
1049,5.784037919796147
1050,5.1174335889506954
1051,4.527654711199363
1052,4.0058472332904556
1053,3.5441775223645626
1054,3.1357147635698226
1055,2.774326911229232
1056,2.4545886315272774
1057,2.1716998547058135
1058,1.9214137140343228
1059,1.6999727897386077
1060,1.5040527007501314
1061,1.3307121974473501
1062,1.177349006156492
1063,1.041660762527521
1064,0.9216104472977248
1065,0.815395805547463
1066,0.7214222903547562
1067,0.6382791246654352
1068,0.5647181220077594
1069,0.4996349480975595
1070,0.44205254202382566
1071,0.3911064481253423
1072,0.3460318383532258
1073,0.3061520302926307
1074,0.27086832847046344
1075,0.23965103644177585
1076,0.2120315047238165
1077,0.18759509519738038
1078,0.1659749563535559
1079,0.1468465159367848
1080,0.12992260830505953
1081,0.11494916335676936
1082,0.10170139230422684
1083,0.08998041303281169
1084,0.07961026438395064
1085,0.07043526453886609
1086,0.062317673845838965
1087,0.05513562700418982
1088,0.04878130356189681
1089,0.04315930926145262
1090,0.038185243933921593
1091,0.03378443444171148
1092,0.029890813648367372
1093,0.026445928585926707
1094,0.02339806292995093
1095,0.020701460608393295
1096,0.01831563888873418
1097,7.38905609893065
1098,6.405409432177272
1099,5.552707875605838
1100,4.813519741131481
1101,4.172733883598096
1102,3.617250785229937
1103,3.1357147635698226
1104,2.718281828459045
1105,2.356418442383661
1106,2.0427270702661424
1107,1.7707949524351554
1108,1.53506300925521
1109,1.3307121974473501
1110,1.1535649948951079
1111,1.0
1112,0.8668778997501817
1113,0.751477293075286
1114,0.6514390575310557
1115,0.5647181220077594
1116,0.4895416595569533
1117,0.4243728456769501
1118,0.36787944117144233
1119,0.31890655732397044
1120,0.27645304662956444
1121,0.23965103644177585
1122,0.20774818714360088
1123,0.18009231214795243
1124,0.15611804531597115
1125,0.1353352832366127
1126,0.11731916609425083
1127,0.10170139230422684
1128,0.0881626893623575
1129,0.07642628699076812
1130,0.06625225915226167
1131,0.05743261926761737
1132,0.049787068367863944
1133,0.04315930926145262
1134,0.03741385136723659
1135,0.03243324089479554
1136,0.028115659748972045
1137,0.02437284407327962
1138,0.02112827988118329
1139,0.01831563888873418
1140,0.015877422572448646
1141,0.013763786733050402
1142,0.011931522535756153
1143,0.01034317319661825
1144,0.008966268257436806
1145,0.0077726597956035365
1146,0.006737946999085467
1147,20.085536923187668
1148,18.511040667993953
1149,17.05996846997628
1150,15.722645172499927
1151,14.490154050131071
1152,13.354277355554233
1153,12.307441526990214
1154,11.34266669078005
1155,10.453520122438803
1156,9.634073355876593
1157,8.878862654808518
1158,8.182852582793142
1159,7.54140242899933
1160,6.950235265842224
1161,6.405409432177272
1162,5.903292251913963
1163,5.44053581281562
1164,5.014054643988294
1165,4.621005143221287
1166,4.258766617009257
1167,3.9249238068385197
1168,3.617250785229937
1169,3.333696114163809
1170,3.0723691669291946
1171,2.8315275221973533
1172,2.6095653462681208
1173,2.405002686026806
1174,2.216475601221394
1175,2.0427270702661424
1176,1.8825986089351503
1177,1.735022546062799
1178,1.5990149047485733
1179,1.4736688416010615
1180,1.358148600276674
1181,1.2516839389977643
1182,1.153564994895108
1183,1.0631375509322782
1184,0.9797986738537046
1185,0.9029926940720302
1186,0.8322075006903016
1187,0.7669711269557105
1188,0.7068486033780923
1189,0.6514390575310557
1190,0.6003730411984045
1191,0.5533100670443571
1192,0.509936338383084
1193,0.469962656910598
1194,0.4331224944486034
1195,0.39917021584348367
1196,0.36787944117144233
1197,20.085536923187668
1198,18.13709309815247
1199,16.37766255933592
1200,14.788909637057358
1201,13.354277355554233
1202,12.058814886677025
1203,10.889021741836384
1204,9.832707078469747
1205,8.878862654808518
1206,8.017548108961082
1207,7.239787366762877
1208,6.537475098821858
1209,5.903292251913961
1210,5.33062977445033
1211,4.813519741131481
1212,4.346573159013216
1213,3.924923806838519
1214,3.5441775223645626
1215,3.2003664091895088
1216,2.8899074858516633
1217,2.6095653462681208
1218,2.356418442383661
1219,2.127828637649038
1220,1.9214137140343224
1221,1.7350225460627982
1222,1.5667126831449592
1223,1.4147301065898856
1224,1.2774909503344107
1225,1.1535649948951077
1226,1.041660762527521
1227,0.9406120582638511
1228,0.8493658165683122
1229,0.7669711269557101
1230,0.6925693242051978
1231,0.6253850398956968
1232,0.5647181220077591
1233,0.5099363383830838
1234,0.46046878800176727
1235,0.41579995141379816
1236,0.37546431832216487
1237,0.33904153632964995
1238,0.3061520302926307
1239,0.27645304662956444
1240,0.24963508136045096
1241,0.22541865465256386
1242,0.20355139825881122
1243,0.1838054254958527
1244,0.16597495635355583
1245,0.14987417298618502
1246,0.1353352832366127
1247,20.085536923187668
1248,17.770699765130956
1249,15.722645172499927
1250,13.91062673319063
1251,12.307441526990214
1252,10.889021741836384
1253,9.634073355876593
1254,8.5237564610426
1255,7.54140242899933
1256,6.672263673422753
1257,5.903292251913961
1258,5.222943983811504
1259,4.621005143221287
1260,4.088439125493832
1261,3.617250785229937
1262,3.2003664091895088
1263,2.8315275221973533
1264,2.5051969318074176
1265,2.216475601221394
1266,1.961029102516639
1267,1.7350225460627982
1268,1.5350630092552102
1269,1.358148600276674
1270,1.2016233922074937
1271,1.0631375509322782
1272,0.9406120582638515
1273,0.8322075006903012
1274,0.7362964551863366
1275,0.6514390575310557
1276,0.5763613863515786
1277,0.5099363383830838
1278,0.4511667078351542
1279,0.39917021584348367
1280,0.3531662652616456
1281,0.31246422194927653
1282,0.27645304662956444
1283,0.24459212166433147
1284,0.21640313503371336
1285,0.19146289967870544
1286,0.16939700040698158
1287,0.14987417298618502
1288,0.13260133104084862
1289,0.11731916609425083
1290,0.10379825470085506
1291,0.09183561422767024
1292,0.08125165557821265
1293,0.07188748711185018
1294,0.06360252928362682
1295,0.056272404194356224
1296,0.049787068367863944
1297,20.085536923187668
1298,17.41170806332765
1299,15.093824917000777
1300,13.084503243246594
1301,11.34266669078005
1302,9.832707078469747
1303,8.5237564610426
1304,7.38905609893065
1305,6.405409432177272
1306,5.552707875605838
1307,4.813519741131482
1308,4.172733883598096
1309,3.617250785229937
1310,3.135714763569823
1311,2.718281828459045
1312,2.356418442383661
1313,2.0427270702661424
1314,1.7707949524351554
1315,1.5350630092552102
1316,1.3307121974473504
1317,1.153564994895108
1318,1.0
1319,0.8668778997501817
1320,0.751477293075286
1321,0.6514390575310557
1322,0.5647181220077594
1323,0.4895416595569533
1324,0.4243728456769501
1325,0.36787944117144233
1326,0.31890655732397055
1327,0.27645304662956444
1328,0.23965103644177596
1329,0.20774818714360088
1330,0.18009231214795235
1331,0.15611804531597115
1332,0.1353352832366127
1333,0.11731916609425083
1334,0.10170139230422684
1335,0.0881626893623575
1336,0.07642628699076812
1337,0.06625225915226172
1338,0.05743261926761737
1339,0.049787068367863944
1340,0.04315930926145262
1341,0.03741385136723659
1342,0.03243324089479554
1343,0.028115659748972045
1344,0.02437284407327962
1345,0.02112827988118329
1346,0.01831563888873418
1347,20.085536923187668
1348,17.05996846997628
1349,14.490154050131071
1350,12.307441526990214
1351,10.453520122438803
1352,8.878862654808518
1353,7.54140242899933
1354,6.405409432177272
1355,5.44053581281562
1356,4.621005143221287
1357,3.9249238068385197
1358,3.333696114163809
1359,2.8315275221973533
1360,2.405002686026806
1361,2.0427270702661424
1362,1.735022546062799
1363,1.4736688416010615
1364,1.2516839389977643
1365,1.0631375509322782
1366,0.9029926940720302
1367,0.7669711269557105
1368,0.6514390575310557
1369,0.5533100670443571
1370,0.469962656910598
1371,0.39917021584348367
1372,0.33904153632964995
1373,0.2879702913552085
1374,0.24459212166433147
1375,0.20774818714360088
1376,0.17645420861381114
1377,0.14987417298618513
1378,0.12729799932091163
1379,0.10812256914071858
1380,0.09183561422767024
1381,0.07800203146853764
1382,0.06625225915226172
1383,0.056272404194356224
1384,0.047795856538801494
1385,0.04059616671766104
1386,0.03448099629368954
1387,0.029286979573078565
1388,0.024875359319907357
1389,0.02112827988118329
1390,0.01794563869396509
1391,0.015242412063139572
1392,0.012946383768479236
1393,0.01099621582112111
1394,0.009339809830067927
1395,0.007932915202908394
1396,0.006737946999085467
1397,54.598150033144236
1398,49.30173058977782
1399,44.51910252767689
1400,40.20042432913587
1401,36.300689467805185
1402,32.779257379205575
1403,29.599429930529304
1404,26.72806897596494
1405,24.13525101194963
1406,21.793955333385092
1407,19.679782440978894
1408,17.770699765130956
1409,16.046812056460798
1410,14.490154050131071
1411,13.084503243246589
1412,11.815210834213454
1413,10.669049062215446
1414,9.634073355876593
1415,8.69949785451057
1416,7.8555830047183415
1417,7.093534060937069
1418,6.405409432177272
1419,5.7840379197961465
1420,5.222943983811503
1421,4.716280258929251
1422,4.258766617009257
1423,3.8456351409172145
1424,3.4725804363149053
1425,3.1357147635698226
1426,2.8315275221973533
1427,2.556848665608087
1428,2.308815664891922
1429,2.0848436773564623
1430,1.8825986089351503
1431,1.6999727897386077
1432,1.5350630092552096
1433,1.3861506822976795
1434,1.2516839389977643
1435,1.1302614522022816
1436,1.0206178337299032
1437,0.9216104472977248
1438,0.8322075006903012
1439,0.751477293075286
1440,0.6785785054080091
1441,0.6127514327377493
1442,0.5533100670443567
1443,0.49963494809755926
1444,0.451166707835154
1445,0.4074002409836742
1446,0.36787944117144233
1447,54.598150033144236
1448,48.305770250556904
1449,42.73858066771588
1450,37.8130038713087
1451,33.45509465763974
1452,29.599429930529304
1453,26.188126537320795
1454,23.16997229826248
1455,20.499657183845784
1456,18.13709309815247
1457,16.046812056460798
1458,14.197433722254303
1459,12.561194310034212
1460,11.113529781590874
1461,9.832707078469747
1462,8.69949785451057
1463,7.696889810370731
1464,6.809831296443457
1465,6.025005350022953
1466,5.33062977445033
1467,4.716280258929251
1468,4.172733883598097
1469,3.691830660479171
1470,3.266351031688947
1471,2.8899074858516647
1472,2.556848665608088
1473,2.262174526633764
1474,2.0014612744918288
1475,1.7707949524351554
1476,1.5667126831449592
1477,1.3861506822976795
1478,1.2263982635139907
1479,1.0850571441894166
1480,0.9600054412854782
1481,0.8493658165683122
1482,0.751477293075286
1483,0.6648703197043963
1484,0.588244709583712
1485,0.5204501210207022
1486,0.4604687880017675
1487,0.4074002409836742
1488,0.3604477885978211
1489,0.31890655732397055
1490,0.282152909579098
1491,0.24963508136045096
1492,0.22086489889046845
1493,0.19541044990972617
1494,0.17288959959571706
1495,0.15296425376522108
1496,0.1353352832366127
1497,54.598150033144236
1498,47.32992963097739
1499,41.02926999382557
1500,35.567367400530664
1501,30.8325647518151
1502,26.72806897596494
1503,23.16997229826248
1504,20.085536923187668
1505,17.41170806332765
1506,15.093824917000777
1507,13.084503243246594
1508,11.34266669078005
1509,9.832707078469747
1510,8.523756461042604
1511,7.38905609893065
1512,6.405409432177272
1513,5.552707875605838
1514,4.813519741131482
1515,4.172733883598097
1516,3.617250785229938
1517,3.135714763569824
1518,2.718281828459045
1519,2.356418442383661
1520,2.0427270702661424
1521,1.7707949524351554
1522,1.5350630092552102
1523,1.3307121974473504
1524,1.153564994895108
1525,1.0
1526,0.866877899750182
1527,0.751477293075286
1528,0.651439057531056
1529,0.5647181220077594
1530,0.48954165955695306
1531,0.4243728456769501
1532,0.36787944117144233
1533,0.31890655732397055
1534,0.27645304662956444
1535,0.23965103644177596
1536,0.20774818714360088
1537,0.18009231214795252
1538,0.15611804531597115
1539,0.1353352832366127
1540,0.11731916609425083
1541,0.10170139230422684
1542,0.0881626893623575
1543,0.07642628699076812
1544,0.06625225915226172
1545,0.05743261926761737
1546,0.049787068367863944
1547,54.598150033144236
1548,46.37380228602078
1549,39.388322446043524
1550,33.45509465763974
1551,28.415613792256373
1552,24.13525101194963
1553,20.499657183845784
1554,17.41170806332765
1555,14.788909637057365
1556,12.561194310034212
1557,10.669049062215446
1558,9.061925568736013
1559,7.696889810370731
1560,6.537475098821861
1561,5.552707875605838
1562,4.716280258929253
1563,4.005847233290456
1564,3.402429706351663
1565,2.8899074858516647
1566,2.4545886315272774
1567,2.084843677356463
1568,1.7707949524351554
1569,1.504052700750132
1570,1.2774909503344114
1571,1.0850571441894166
1572,0.9216104472977248
1573,0.7827844101269202
1574,0.6648703197043963
1575,0.5647181220077594
1576,0.4796522688300443
1577,0.4074002409836746
1578,0.346031838353226
1579,0.293907614941522
1580,0.24963508136045096
1581,0.2120315047238165
1582,0.18009231214795252
1583,0.15296425376522108
1584,0.12992260830505953
1585,0.11035182229371188
1586,0.09372906565229996
1587,0.0796102643839507
1588,0.06761823721569352
1589,0.05743261926761737
1590,0.04878130356189681
1591,0.041433171733117245
1592,0.03519191974211424
1593,0.029890813648367372
1594,0.025388235342336807
1595,0.021563899242772386
1596,0.01831563888873418
1597,54.598150033144236
1598,45.436989981397055
1599,37.8130038713087
1600,31.4682654453345
1601,26.188126537320795
1602,21.793955333385092
1603,18.13709309815247
1604,15.093824917000777
1605,12.561194310034212
1606,10.453520122438803
1607,8.69949785451057
1608,7.239787366762876
1609,6.02500535002295
1610,5.014054643988293
1611,4.172733883598095
1612,3.4725804363149053
1613,2.8899074858516633
1614,2.405002686026805
1615,2.0014612744918288
1616,1.6656310849732696
1617,1.3861506822976795
1618,1.1535649948951077
1619,0.9600054412854773
1620,0.7989237289412767
1621,0.6648703197043957
1622,0.5533100670443567
1623,0.46046878800176705
1624,0.38320557920884274
1625,0.3189065573239703
1626,0.2653964290243296
1627,0.22086489889046826
1628,0.1838054254958527
1629,0.15296425376522094
1630,0.12729799932091151
1631,0.10593834985773144
1632,0.08816268936235741
1633,0.07336965136838287
1634,0.061058774191800655
1635,0.05081356986537189
1636,0.04228743397881315
1637,0.03519191974211421
1638,0.02928697957307854
1639,0.0243728440732796
1640,0.020283263650938434
1641,0.016879884148789895
1642,0.014047566199406284
1643,0.011690489957589447
1644,0.009728913429450588
1645,0.008096474729555376
1646,0.006737946999085467
1647,148.4131591025766
1648,131.30869748180643
1649,116.17550720318309
1650,102.78640130282997
1651,90.94037587723943
1652,80.45959251290459
1653,71.18670848778521
1654,62.98251466426638
1655,55.72384561248792
1656,49.30173058977782
1657,43.61975761777491
1658,38.59262609795553
1659,34.14486623670915
1660,30.209706055336895
1661,26.72806897596494
1662,23.64768693463453
1663,20.922315707182346
1664,18.511040667993953
1665,16.37766255933592
1666,14.490154050131071
1667,12.820178925767504
1668,11.34266669078005
1669,10.035436198128485
1670,8.878862654808518
1671,7.855583004718345
1672,6.950235265842224
1673,6.149227908551504
1674,5.440535812815619
1675,4.813519741131482
1676,4.258766617009257
1677,3.7679482111958893
1678,3.333696114163809
1679,2.949491117889757
1680,2.609565346268122
1681,2.308815664891922
1682,2.0427270702661424
1683,1.807304908334216
1684,1.5990149047485727
1685,1.4147301065898856
1686,1.251683938997765
1687,1.1074286719757576
1688,0.9797986738537046
1689,0.866877899750182
1690,0.7669711269557101
1691,0.6785785054080091
1692,0.6003730411984047
1693,0.5311806750806151
1694,0.469962656910598
1695,0.41579995141379855
1696,0.36787944117144233
1697,148.4131591025766
1698,128.6560876581311
1699,111.52911905915602
1700,96.68212849098909
1701,83.81160048964585
1702,72.65442420716546
1703,62.98251466426638
1704,54.598150033144236
1705,47.32992963097739
1706,41.02926999382557
1707,35.567367400530664
1708,30.8325647518151
1709,26.72806897596494
1710,23.16997229826249
1711,20.085536923187668
1712,17.41170806332765
1713,15.093824917000777
1714,13.084503243246594
1715,11.34266669078005
1716,9.832707078469753
1717,8.523756461042604
1718,7.38905609893065
1719,6.405409432177272
1720,5.552707875605838
1721,4.813519741131482
1722,4.172733883598097
1723,3.617250785229938
1724,3.135714763569824
1725,2.718281828459045
1726,2.356418442383662
1727,2.0427270702661424
1728,1.770794952435156
1729,1.5350630092552102
1730,1.3307121974473497
1731,1.153564994895108
1732,1.0
1733,0.866877899750182
1734,0.751477293075286
1735,0.651439057531056
1736,0.5647181220077594
1737,0.4895416595569535
1738,0.4243728456769501
1739,0.36787944117144233
1740,0.31890655732397055
1741,0.27645304662956444
1742,0.23965103644177596
1743,0.20774818714360088
1744,0.18009231214795252
1745,0.15611804531597115
1746,0.1353352832366127
1747,148.4131591025766
1748,126.05706407064282
1749,107.0685611585656
1750,90.94037587723943
1751,77.24164661600072
1752,65.60641425108047
1753,55.72384561248792
1754,47.32992963097739
1755,40.200424329135885
1756,34.14486623670915
1757,29.001482192758264
1758,24.632867604343502
1759,20.922315707182346
1760,17.770699765130967
1761,15.093824917000777
1762,12.82017892576751
1763,10.88902174183639
1764,9.248762843384972
1765,7.855583004718345
1766,6.672263673422753
1767,5.667192683335807
1768,4.813519741131482
1769,4.088439125493834
1770,3.472580436314907
1771,2.949491117889757
1772,2.5051969318074176
1773,2.12782863764904
1774,1.807304908334216
1775,1.5350630092552102
1776,1.3038300463398624
1777,1.1074286719757587
1778,0.9406120582638519
1779,0.7989237289412775
1780,0.6785785054080091
1781,0.5763613863515786
1782,0.4895416595569535
1783,0.41579995141379855
1784,0.3531662652616456
1785,0.2999673532783388
1786,0.25478201596109185
1787,0.21640313503371356
1788,0.18380542549585285
1789,0.15611804531597115
1790,0.13260133104084862
1791,0.11262703781755558
1792,0.09566155594357828
1793,0.08125165557821265
1794,0.06901237878771585
1795,0.05861675546234995
1796,0.049787068367863944
1797,148.4131591025766
1798,123.51054420630732
1799,102.78640130282997
1800,85.53961413317846
1801,71.18670848778521
1802,59.24211275298879
1803,49.30173058977782
1804,41.02926999382557
1805,34.14486623670915
1806,28.415613792256373
1807,23.64768693463453
1808,19.679782440978887
1809,16.377662559335914
1810,13.629613625654065
1811,11.342666690780044
1812,9.43945229789719
1813,7.8555830047183415
1814,6.537475098821858
1815,5.440535812815619
1816,4.527654711199363
1817,3.7679482111958893
1818,3.1357147635698226
1819,2.60956534626812
1820,2.1716998547058126
1821,1.8073049083342145
1822,1.5040527007501308
1823,1.2516839389977639
1824,1.0416607625275205
1825,0.8668778997501813
1826,0.7214222903547559
1827,0.6003730411984042
1828,0.49963494809755926
1829,0.41579995141379816
1830,0.34603183835322565
1831,0.28797029135520824
1832,0.23965103644177574
1833,0.1994393900750505
1834,0.16597495635355583
1835,0.13812560360417456
1836,0.11494916335676936
1837,0.0956615559435782
1838,0.07961026438395064
1839,0.06625225915226167
1840,0.05513562700418982
1841,0.04588428234814945
1842,0.038185243933921593
1843,0.03177804641749835
1844,0.026445928585926707
1845,0.022008500131928236
1846,0.01831563888873418
1847,65.0
1848,59.16938156944892
1849,53.86178023555449
1850,49.030280411805016
1851,44.63217492527951
1852,40.628587514280824
1853,36.98412918861893
1854,33.66658541500287
1855,30.646631362473062
1856,27.897572690837055
1857,25.39510959085501
1858,23.11712199045034
1859,21.043474028314687
1860,19.15583606658677
1861,17.43752266931822
1862,15.87334511456623
1863,14.449477136420267
1864,13.153332710213522
1865,11.973454800623653
1866,10.899414089271552
1867,9.921716786639019
1868,9.031720713425395
1869,8.221558909559427
1870,7.484070095621907
1871,6.812735372005458
1872,6.20162059627496
1873,5.6453239293837925
1874,5.138928087090005
1875,4.677956874507488
1876,4.258335619587081
1877,3.8763551557865172
1878,3.5286390355605093
1879,3.2121136848604928
1880,2.9239812348301393
1881,2.6616947905472768
1882,2.4229359182047117
1883,2.2055941517319635
1884,2.007748337710363
1885,1.8276496536832498
1886,1.6637061497546985
1887,1.5144686768349922
1888,1.378618077148124
1889,1.254953523774113
1890,1.142381906155615
1891,1.0399081677439383
1892,0.9466265103758082
1893,0.8617123876335708
1894,0.7844152164155638
1895,0.7140517422919131
1896,0.6500000000000002
1897,65.0
1898,60.11945730191267
1899,55.605371481176924
1900,51.43022702337859
1901,47.56857442399514
1902,43.99687506148048
1903,40.69335771809633
1904,37.63788587391616
1905,34.81183496509484
1906,32.19797885823461
1907,29.780384848854194
1908,27.54431654392641
1909,25.47614403650693
1910,23.563260824925468
1911,21.794006970122123
1912,20.157598022736064
1913,18.644059286723074
1914,17.244165018807326
1915,15.949382193158817
1916,14.75181848851535
1917,13.644174180705607
1918,12.619697647335231
1919,11.672144213415663
1920,10.795738087080151
1921,9.985137153366885
1922,9.235400411470497
1923,8.54195785697642
1924,7.900582625495865
1925,7.3073652279035635
1926,6.758689720129688
1927,6.251211662249427
1928,5.781837732520354
1929,5.347706872105306
1930,4.946172845548922
1931,4.574788110705512
1932,4.231288899797812
1933,3.9135814206684856
1934,3.619729094114426
1935,3.3479407495092817
1936,3.096559706760872
1937,2.8640536780528234
1938,2.6490054278166553
1939,2.4501041340024363
1940,2.266137397990756
1941,2.095983854442658
1942,1.9386063360409798
1943,1.7930455514589694
1944,1.6584142380203384
1945,1.5338917534084267
1946,1.4187190734583675
1947,1.3121941655413756
1948,1.2136677093397485
1949,1.1225391389286337
1950,1.0382529820391662
1951,0.9602954741890327
1952,0.8881914270419619
1953,0.8215013319072938
1954,0.7598186807240764
1955,0.7027674881997956
1956,0.6500000000000002
1957,65.0
1958,60.803397843670076
1959,56.8777413743942
1960,53.20553749594869
1961,49.77042252080728
1962,46.55708925200312
1963,43.551218772812334
1964,40.73941664030801
1965,38.10915319845663
1966,35.64870774478662
1967,33.34711630183052
1968,31.194122760605183
1969,29.180133178420938
1970,27.296173027366233
1971,25.53384720296316
1972,23.88530261478848
1973,22.34319319236057
1974,20.900647150355088
1975,19.551236367280147
1976,18.288947741159475
1977,17.1081563945817
1978,16.00360060971507
1979,14.970358381595481
1980,14.003825485207246
1981,13.099694958621267
1982,12.253937910765663
1983,11.462785568306398
1984,10.722712481637135
1985,10.030420815142607
1986,9.38282565173147
1987,8.777041246154177
1988,8.210368165849449
1989,7.680281262017658
1990,7.184418417319143
1991,6.720570020056098
1992,6.28666911793404
1993,5.8807822075270435
1994,5.501100618403742
1995,5.145932453520958
1996,4.813695049970585
1997,4.502907926484104
1998,4.212186186268131
1999,3.9402343457734226
2000,3.685840561897763
2001,3.447871231898556
2002,3.225265941951888
2003,3.0170327418483067
2004,2.8222437247689434
2005,2.6400308924450377
2006,2.469582287275615
2007,2.3101383741676913
2008,2.1609886559761122
2009,2.021468507461129
2010,1.8909562136555238
2011,1.7688701994439506
2012,1.6546664380092702
2013,1.547836026597632
2014,1.4479029187997126
2015,1.3544218032429243
2016,1.2669761192418547
2017,1.1851762005644872
2018,1.1086575390426436
2019,1.037079160289139
2020,0.9701221042836893
2021,0.907488004056916
2022,0.8488977561389353
2023,0.7940902768479154
2024,0.7428213388765216
2025,0.694862482991951
2026,0.6500000000000002
2027,65.0
2028,61.31925940594855
2029,57.84694729375399
2030,54.57126102996822
2031,51.48106632625158
2032,48.56585939314251
2033,45.81573123693737
2034,43.221333978322804
2035,40.773849078275596
2036,38.464957363227356
2037,36.28681074760752
2038,34.2320055576478
2039,32.29355736577351
2040,30.46487725004225
2041,28.739749397934172
2042,27.11230997836737
2043,25.577027210123017
2044,24.12868255893135
2045,22.762352999306124
2046,21.473394280834203
2047,20.2574251420413
2048,19.110312418175607
2049,18.02815699228969
2050,17.00728054186734
2051,16.04421303594622
2052,15.135680940238272
2053,14.278596090156029
2054,13.470045193923697
2055,12.707279930093197
2056,11.987707605805973
2057,11.308882344047369
2058,10.66849676993834
2059,10.06437416780574
2060,9.494461082372428
2061,8.956820338918124
2062,8.449624458686097
2063,7.97114944715416
2064,7.519768934055836
2065,7.093948645233278
2066,6.692241187531333
2067,6.313281129006262
2068,5.955780357726381
2069,5.618523703388874
2070,5.3003648068703555
2071,5.000222223671442
2072,4.71707574801074
2073,4.449962945073528
2074,4.1979758796280375
2075,3.9602580298896415
2076,3.7360013761429784
2077,3.524443654226032
2078,3.3248657645405433
2079,3.1365893277818313
2080,2.958974379079752
2081,2.7914171927130287
2082,2.6333482300029987
2083,2.4842302034115282
2084,2.343556250262827
2085,2.2108482098815134
2086,2.0856549982907926
2087,1.9675510749462508
2088,1.8561349962935705
2089,1.7510280512336125
2090,1.6518729738567146
2091,1.5583327290707
2092,1.4700893669948616
2093,1.3868429422259174
2094,1.3083104943024608
2095,1.2342250859024209
2096,1.1643348955043022
2097,1.098402361428097
2098,1.0362033743463992
2099,0.9775265155210165
2100,0.9221723381757878
2101,0.8699526895629422
2102,0.8206900714186567
2103,0.7742170366339547
2104,0.7303756200901883
2105,0.6890168017244735
2106,0.6500000000000002
2107,65.0
2108,61.722206971672186
2109,58.6097051300606
2110,55.65415923978888
2111,52.84765439127156
2112,50.182674804699445
2113,47.652083702888895
2114,45.2491041990947
2115,42.96730114860438
2116,40.800563915512726
2117,38.74309000852641
2118,36.789369541975255
2119,34.934170480417386
2120,33.172524627323114
2121,31.499714320315842
2122,29.91125979733971
2123,28.402907199920907
2124,26.970617181395635
2125,25.61055408959753
2126,24.319075695036066
2127,23.092723437058133
2128,21.92821316187211
2129,20.822426327631025
2130,19.772401653022126
2131,18.775327186997927
2132,17.82853277841153
2133,16.92948292539013
2134,16.07576998529723
2135,15.26510772710017
2136,14.495325208876142
2137,13.76436096406078
2138,13.070257480870225
2139,12.411155960112598
2140,11.78529133735035
2141,11.190987556082977
2142,10.626653079291714
2143,10.090776627326166
2144,9.581923130719042
2145,9.098729887090675
2146,8.639902911851541
2147,8.204213472930062
2148,7.790494800245703
2149,7.3976389611154065
2150,7.024593893225709
2151,6.670360587224948
2152,6.333990411390511
2153,6.014582571206648
2154,5.711281697049677
2155,5.4232755535203605
2156,5.149792864289133
2157,4.890101246629144
2158,4.64350525010579
2159,4.409344494170399
2160,4.186991899670593
2161,3.9758520095412817
2162,3.775359394179165
2163,3.584977137230359
2164,3.404195397736079
2165,3.2325300447858485
2166,3.06952136102186
2167,2.9147328115224647
2168,2.7677498747679
2169,2.6281789325576015
2170,2.495646215906289
2171,2.3697968040959765
2172,2.250293674203371
2173,2.13681679855731
2174,2.0290622877092344
2175,1.9267415766216
2176,1.8295806518948372
2177,1.7373193179633857
2178,1.6497105002956989
2179,1.5665195837321853
2180,1.4875237841891642
2181,1.4125115520462865
2182,1.3412820056196744
2183,1.2736443932036479
2184,1.20941758224039
2185,1.14842957424955
2186,1.0905170442187706
2187,1.0355249032216483
2188,0.983305883091806
2189,0.9337201420408513
2190,0.886634890164071
2191,0.8419240338309635
2192,0.7994678380083055
2193,0.7591526056114448
2194,0.7208703730251358
2195,0.6845186209785225
2196,0.6500000000000002
2197,65.0
2198,62.045649683019214
2199,59.2255791475068
2200,56.53368517015591
2201,53.96414192857834
2202,51.51138839300463
2203,49.170116291050874
2204,46.93525861950552
2205,44.80197867827304
2206,42.76565960274193
2207,40.821894371922646
2208,38.966476270731164
2209,37.19538978577641
2210,35.504801914948224
2211,33.891053871997954
2212,32.35065316815872
2213,30.880266053668183
2214,29.476710302835787
2215,28.13694832703988
2216,26.858080600749695
2217,25.637339386344763
2218,24.472082744151045
2219,23.35978881473008
2220,22.298050361046972
2221,21.28456955870524
2222,20.31715302297354
2223,19.39370706184171
2224,18.512233144832713
2225,17.670823577764118
2226,16.86765737409829
2227,16.100996313946123
2228,15.36918118219515
2229,14.670628177620486
2230,14.00382548520725
2231,13.367330004266238
2232,12.759764225261764
2233,12.1798132485925
2234,11.626221938873329
2235,11.097792208559493
2236,10.59338042503419
2237,10.11189493554807
2238,9.652293704654026
2239,9.213582059024237
2240,8.794810534768747
2241,8.395072822596749
2242,8.013503806373434
2243,7.649277690827492
2244,7.301606214357181
2245,6.969736943067102
2246,6.652951642343672
2247,6.350564722444967
2248,6.061921754740931
2249,5.786398055392754
2250,5.523397333406191
2251,5.272350400132968
2252,5.032713937427329
2253,4.803969321791757
2254,4.58562150196712
2255,4.377197927538036
2256,4.17824752623481
2257,3.9883397277185644
2258,3.8070635317368353
2259,3.6340266186329466
2260,3.4688545002841034
2261,3.3111897096306486
2262,3.1606910270424815
2263,3.017032741848308
2264,2.879903947429523
2265,2.7490078683531753
2266,2.6240612180877623
2267,2.5047935859118455
2268,2.390946851688613
2269,2.282274627239837
2270,2.1785417231102486
2271,2.0795236395683006
2272,1.9850060807417216
2273,1.8947844908363658
2274,1.8086636114346324
2275,1.7264570589153467
2276,1.6479869210805738
2277,1.5730833721163495
2278,1.5015843050540545
2279,1.4333349809369806
2280,1.3681876939328146
2281,1.3060014516672815
2282,1.2466416700871186
2283,1.1899798821919898
2284,1.1358934600049957
2285,1.084265349180039
2286,1.0349838156717106
2287,0.9879422039194081
2288,0.9430387060223616
2289,0.9001761414060181
2290,0.8592617465029192
2291,0.8202069739929141
2292,0.782927301168209
2293,0.7473420470085285
2294,0.7133741975704871
2295,0.6809502393132826
2296,0.6500000000000002
2297,65.0
2298,62.31100167732564
2299,59.733245077410444
2300,57.262128218625016
2301,54.89323949966122
2302,52.622349823649664
2303,50.44540504809618
2304,48.35851874715834
2305,46.35796527334102
2306,44.440173106223945
2307,42.60171847634711
2308,40.83931925287107
2309,39.1498290840998
2310,37.53023178040545
2311,35.977635929527146
2312,34.489269734630426
2313,33.06247606591219
2314,31.694707716916824
2315,30.38352285709462
2316,29.12658067248438
2317,27.921637186737456
2318,26.7665412550227
2319,25.659230723660396
2320,24.597728748629056
2321,23.580140266372712
2322,22.604648610608063
2323,21.669512269091623
2324,20.773061774556876
2325,19.91369672427081
2326,19.089882922889114
2327,18.300149643509137
2328,17.54308700203089
2329,16.817343440138718
2330,16.121623312409923
2331,15.454684573242876
2332,14.81533655947501
2333,14.202437864732172
2334,13.614894301714456
2335,13.051656948780627
2336,12.511720277343821
2337,11.994120356735387
2338,11.497933133332067
2339,11.022272780874346
2340,10.566290119030802
2341,10.129171097385194
2342,9.710135342139804
2343,9.308434762940497
2344,8.923352217336333
2345,8.554200230489412
2346,8.200319767849312
2347,11.59364995043968
2348,11.114029869356507
2349,10.654251289712624
2350,10.21349338436819
2351,9.790969283149547
2352,9.385924668076544
2353,8.997636426704146
2354,8.625411361174285
2355,8.268584950673144
2356,7.926520165084676
2357,7.598606327722257
2358,7.284258025108291
2359,6.982914061855314
2360,6.694036458782882
2361,6.417109492481525
2362,6.151638774609211
2363,5.897150369276552
2364,5.653189946945121
2365,5.419321973328273
2366,5.1951289318465514
2367,4.980210578249436
2368,4.774183226072855
2369,4.5766790616567015
2370,4.387345487499568
2371,4.205844492778348
2372,4.031852049908962
2373,3.865057536070863
2374,3.7051631786626396
2375,3.5518835236986614
2376,3.4049449261977323
2377,3.264085061653975
2378,3.129052457717759
2379,2.999606045250635
2380,2.8755147279527447
2381,2.7565569697944325
2382,2.6425203995154543
2383,2.5332014314857654
2384,2.428404902250972
2385,2.3279437221136337
2386,2.231638541128343
2387,2.1393174289143504
2388,2.0508155677140616
2389,1.9659749581494843
2390,1.884644137151272
2391,1.8066779075568444
2392,1.7319370788947952
2393,1.6602882188928623
2394,1.5916034152658032
2395,1.5257600473579178
2396,1.4626405672325484
2397,1.4021322898177206
2398,1.3441271917333
2399,1.288521718440502
2400,1.2352165993694864
2401,1.184116670694962
2402,1.1351307054434312
2403,1.0881712506287617
2404,1.0431544711253278
2405,1.0000000000000004
2406,100.0
2407,96.2040327106476
2408,92.55215909791352
2409,89.03890941296731
2410,85.65902153685495
2411,82.4074330989366
2412,79.27927389450599
2413,76.26985859023443
2414,73.3746797065138
2415,70.58940086618743
2416,67.90985029955712
2417,65.33201459593774
2418,62.852032692401
2419,60.46619009070437
2420,58.17091329374359
2421,55.962764453195526
2422,53.838436220334884
2423,51.79474679231212
2424,49.82863514647304
2425,47.93715645558216
2426,46.11747767708258
2427,44.36687330978613
2428,42.68272131163822
2429,41.062499172442976
2430,39.503780135666446
2431,38.004229563658846
2432,36.56160144085196
2433,35.17373500969382
2434,33.838551534282345
2435,32.55405118685033
2436,31.31831005243845
2437,30.12947724726992
2438,28.985772146510673
2439,27.885481717262905
2440,26.826957952797265
2441,25.808615404180753
2442,24.828928805603283
2443,23.886430789845985
2444,22.979709690469626
2445,22.10740742743126
2446,21.2682174729621
2447,20.460882894660124
2448,19.684194472866125
2449,18.93698888950361
2450,18.218146985669755
2451,17.526592085367586
2452,16.861288382868807
2453,16.221239391291725
2454,15.605486450070746
2455,15.013107289081736
2456,14.443214647272812
2457,13.89495494373138
2458,13.367506999197081
2459,12.860080806105668
2460,12.371916345321605
2461,11.902282447787153
2462,11.450475699382821
2463,11.015819387358999
2464,10.597662486760713
2465,10.195378685327308
2466,9.80836544540667
2467,9.43604310147889
2468,9.077853991937559
2469,8.733261623828433
2470,8.40174986929434
2471,8.08282219252272
2472,7.776000906038037
2473,7.480826455225088
2474,7.196856730011524
2475,6.923666402678726
2476,6.660846290809159
2477,6.4080027444160015
2478,6.164757056337163
2479,5.9307448950105615
2480,5.705615758781024
2481,5.489032450921558
2482,5.280670574582637
2483,5.080218046913023
2484,4.887374631624428
2485,4.701851489299854
2486,4.523370744772103
2487,4.351665070924419
2488,4.186477288289953
2489,4.027559979850299
2490,3.874675120456133
2491,3.7275937203149407
2492,3.586095482011832
2493,3.4499684705497184
2494,3.319008795914679
2495,3.193020307691029
2496,3.071814301268698
2497,2.9552092352028883
2498,2.8430304593026654
2499,2.735109953041211
2500,2.6312860738959434
2501,2.531403315241569
2502,2.4353120734334164
2503,2.3428684237322335
2504,2.2539339047347915
2505,2.168375310987436
2506,2.0860644934719583
2507,2.006878167664968
2508,1.9306977288832512
2509,1.8574090746385725
2510,1.7869024337358295
2511,1.7190722018585747
2512,1.653816783395674
2513,1.5910384392721535
2514,1.5306431405563588
2515,1.4725404276241238
2516,1.4166432746690216
2517,1.3628679593557744
2518,1.3111339374215654
2519,1.261363722037444
2520,1.2134827677491442
2521,1.1674193588234592
2522,1.1231045018329526
2523,1.080471822318129
2524,1.0394574653722635
2525,1.0000000000000004
2526,100.0
2527,96.49307000034104
2528,93.10912558090716
2529,89.8438537234902
2530,86.69309266441141
2531,83.65282659013103
2532,80.71918051887903
2533,77.88841536178359
2534,75.15692315720223
2535,72.52122247218166
2536,69.9779539651853
2537,67.52387610443269
2538,65.15586103639379
2539,62.870890599172405
2540,60.66605247569726
2541,58.538536481818184
2542,56.485630984576
2543,54.50471944608125
2544,52.59327708859668
2545,50.748867676572914
2546,48.969140411535946
2547,47.25182693586868
2548,45.594738441667765
2549,43.99576288099089
2550,42.45286227393859
2551,40.96407011113995
2552,39.52748884733104
2553,38.14128748283214
2554,36.80369922984054
2555,35.51301926056501
2556,34.26760253433159
2557,33.06586170089122
2558,31.90626507725692
2559,30.787334695491886
2560,29.707644418960278
2561,28.665818124639745
2562,27.660527949179077
2563,26.690492596465266
2564,25.754475704543072
2565,24.85128426980557
2566,23.979767126447236
2567,23.1388134792415
2568,22.327351487772848
2569,21.54434690031884
2570,20.78880173564096
2571,20.05975301100415
2572,19.35627151480375
2573,18.67746062223566
2574,18.022455152499987
2575,17.390420266081883
2576,16.780550400703888
2577,16.19206824459371
2578,15.6242237457588
2579,15.076293156004947
2580,14.547578108480478
2581,14.03740472757036
2582,13.54512277000565
2583,13.070104796093684
2584,12.611745370012612
2585,12.169460288151036
2586,11.742685834509286
2587,11.330878062213175
2588,10.933512100224647
2589,10.550081484365528
2590,10.180097511801845
2591,9.823088618165933
2592,9.478599776522385
2593,9.146191917411915
2594,8.825441369233817
2595,8.51593931825384
2596,8.217291287549246
2597,7.9291166342268165
2598,7.651048064273169
2599,7.382731164418849
2600,7.123823950419671
2601,6.873996431179514
2602,6.632930188158993
2603,6.4003179695340116
2604,6.175863298586857
2605,5.959280095830788
2606,5.750292314386394
2607,5.548633588145093
2608,5.354046892271281
2609,5.16628421561041
2610,4.985106244585523
2611,4.810282058179283
2612,4.641588833612779
2613,4.478811562345993
2614,4.321742776037887
2615,4.1701822821169205
2616,4.023936908624901
2617,3.8828202580089837
2618,3.746652469548032
2619,3.615259990110488
2620,3.4884753529516357
2621,3.3661369642682666
2622,3.248088897238733
2623,3.1341806932858765
2624,3.0242671703095145
2625,2.918208237644093
2626,2.815868717505634
2627,2.717118172700416
2628,2.6218307403758008
2629,2.5298849716012803
2630,2.4411636765753317
2631,2.3555537752607343
2632,2.272946153258016
2633,2.1932355227333167
2634,2.1163202882234047
2635,2.0421024171468294
2636,1.9704873148561466
2637,1.9013837040719819
2638,1.834703508545255
2639,1.7703617407992855
2640,1.7082763938087113
2641,1.6483683364771413
2642,1.5905612127803455
2643,1.5347813444464111
2644,1.480957637048851
2645,1.429021489392945
2646,1.064439530509622
2647,1.0271103812859503
2648,0.991090339195022
2649,0.9563334947660701
2650,0.9227955485413321
2651,0.8904337546140189
2652,0.8592068661463694
2653,0.829075082798353
2654,0.8000000000000003
2655,80.0
2656,77.39296723816157
2657,74.87089222408939
2658,72.43100636238596
2659,70.07063128039012
2660,67.78717588800666
2661,65.57813353334994
2662,63.441079251079216
2663,61.37366710040483
2664,59.37362758984332
2665,57.43876518589439
2666,55.566955902904745
2667,53.75614497147346
2668,52.00434458283887
2669,50.30963170677143
2670,48.670145980576706
2671,47.08408766689143
2672,45.549715678030694
2673,44.065345664717555
2674,42.629348167096886
2675,41.24014682600391
2676,39.89621665252368
2677,38.59608235394201
2678,37.338316714250254
2679,36.12153902742589
2680,34.94441358176934
2681,33.80564819363303
2682,32.70399278893321
2683,31.63823803088726
2684,30.607213992470193
2685,29.60978887213308
2686,28.64486775137346
2687,27.711391392793967
2688,26.808335077329705
2689,25.934707479367944
2690,25.08954957852534
2691,24.271933606888027
2692,23.480962030558977
2693,22.71576656439459
2694,21.975507218848954
2695,21.259371377879507
2696,20.566572906901737
2697,19.896351289813843
2698,19.247970794143956
2699,18.620719663403428
2700,18.013909335759656
2701,17.42687368817075
2702,16.85896830515224
2703,16.309569771373145
2704,15.778074987304905
2705,15.263900507171812
2706,14.766481898476327
2707,14.285273122396054
2708,13.819745934372348
2709,13.369389304232445
2710,12.933708855208621
2711,12.512226321238513
2712,12.10447902195094
2713,11.71001935476079
2714,11.3284143035155
2715,10.9592449631537
2716,10.60210607985427
2717,10.256605606170941
2718,9.92236427066415
2719,9.599015161557695
2720,9.286203323963138
2721,8.983585370229829
2722,8.690829102992806
2723,8.407613150504792
2724,8.133626613851924
2725,7.868568725666013
2726,7.612148519958657
2727,7.364084512714757
2728,7.124104392894828
2729,6.891944723506906
2730,6.667350652419881
2731,6.450075632600839
2732,6.239881151469263
2733,6.0365364690710335
2734,5.839818364784776
2735,5.649510892282531
2736,5.465405142475737
2737,5.287299014186306
2738,5.11499699229106
2739,4.948309933095963
2740,4.787054856704567
2741,4.631054746152733
2742,4.480138353089139
2743,4.334140009788237
2744,4.19289944728933
2745,4.056261619462111
2746,3.9240765328055427
2747,3.7961990817932256
2748,3.672488889584527
2749,3.552810153926597
2750,3.437031498078111
2751,3.325025826591108
2752,3.2166701857925846
2753,3.111845628812708
2754,3.0104370850114774
2755,2.9123332336604997
2756,2.8174263817412024
2757,2.725612345725363
2758,2.6367903372081463
2759,2.5508628522681387
2760,2.4677355644328927
2761,2.3873172211325127
2762,2.3095195435275935
2763,2.234257129601562
2764,2.1614473604110325
2765,2.0910103093912733
2766,2.022868654617212
2767,1.9569475939236733
2768,1.8931747627916748
2769,1.8314801549106299
2770,1.7717960453292685
2771,1.7140569161109043
2772,1.6581993844114433
2773,1.6041621329011817
2774,1.5518858424540072
2775,1.5013131270301219
2776,1.452388470680801
2777,1.405058166606036
2778,1.3592702581981535
2779,1.3149744820067146
2780,1.2721222125620515
2781,1.2306664089969064
2782,1.1905615634075437
2783,1.1517636508976812
2784,1.1142300812503698
2785,1.0779196521748002
2786,1.0427925040766852
2787,1.0088100763025927
2788,0.9759350648101723
2789,0.9441313812178342
2790,0.9133641131889015
2791,0.8835994861067641
2792,0.8548048259989655
2793,0.8269485236695039
2794,0.8000000000000003
2795,80.0
2796,77.56524492748736
2797,75.20459025826379
2798,72.91578078816951
2799,70.69662994891681
2800,68.54501771919588
2801,66.45888859935486
2802,64.43624964771946
2803,62.47516857667601
2804,60.57377190669921
2805,58.73024317656096
2806,56.94282120801055
2807,55.209798423268246
2808,53.52951921372509
2809,51.900378358290325
2810,50.320819489875674
2811,48.789333608551075
2812,47.30445763995193
2813,45.864773037560276
2814,44.46890442752476
2815,43.115518294724815
2816,41.80332170882366
2817,40.5310610890932
2818,39.297521006830834
2819,38.101523024223916
2820,36.94192456855283
2821,35.81761784065704
2822,34.727528756621304
2823,33.67061592167114
2824,32.645869635297224
2825,31.65231092665814
2826,30.68899061934029
2827,29.754988424581143
2828,28.849412062089847
2829,27.971396407625086
2830,27.120102666515994
2831,26.294717572336452
2832,25.494452609967286
2833,24.718543262304145
2834,23.966248279891413
2835,23.23684897278438
2836,22.529648523963168
2837,21.843971323642588
2838,21.179162323841844
2839,20.534586412597562
2840,19.909627807222297
2841,19.30368946602888
2842,18.7161925179586
2843,18.146575709568314
2844,17.594294868848237
2845,17.05882238535809
2846,16.539646706185057
2847,16.03627184724192
2848,15.54821691943862
2849,15.075015669274494
2850,14.61621603341232
2851,14.171379706808679
2852,13.740081723987991
2853,13.321910053060266
2854,12.916465202094695
2855,12.523359837473029
2856,12.142218413858172
2857,11.772676815424454
2858,11.414382008006871
2859,11.066991701836974
2860,10.730174024543189
2861,10.403607204103189
2862,10.086979261445448
2863,9.779987712406268
2864,9.48233927875761
2865,9.1937496080296
2866,8.913943001860085
2867,8.642652152611742
2868,8.379617888005072
2869,8.124588923523346
2870,7.87732162235299
2871,7.637579762630022
2872,7.40513431177023
2873,7.179763207667477
2874,6.9612511465511275
2875,6.74938937729988
2876,6.5439755020155825
2877,6.344813282666446
2878,6.151712453614975
2879,5.964488539851497
2880,5.78296268075966
2881,5.606961459245524
2882,5.436316736067013
2883,5.270865489205456
2884,5.110449658125768
2885,4.954915992776491
2886,4.80411590718541
2887,4.65790533751093
2888,4.516144604413574
2889,4.378698279616118
2890,4.245435056524896
2891,4.116227624788684
2892,3.9909525486752977
2893,3.869490149149742
2894,3.7517243895412404
2895,3.637542764689929
2896,3.526836193467298
2897,3.4194989145677273
2898,3.3154283854715367
2899,3.2145251844830462
2900,3.11669291575005
2901,3.0218381171739668
2902,2.9298701711226998
2903,2.840701217860894
2904,2.754246071614898
2905,2.670422139192242
2906,2.5891493410778876
2907,2.510350034931861
2908,2.433948941415203
2909,2.35987307227336
2910,2.288051660608316
2911,2.218416093272852
2912,2.1508998453223556
2913,2.08543841646154
2914,2.0219692694253837
2915,1.9604317702354064
2916,1.9007671302742115
2917,1.842918350122956
2918,1.7868301651081
2919,1.7324489925054056
2920,1.6797228803507562
2921,1.628601457808887
2922,1.579035887052616
2923,1.5309788166066054
2924,1.4843843361110762
2925,1.439207932462267
2926,1.3954064472877294
2927,1.3529380357158471
2928,1.3117621264001662
2929,1.271839382760382
2930,1.2331316654029165
2931,1.1956019956852195
2932,1.15921452038896
2933,1.1239344774683677
2934,1.089728162841019
2935,1.0565628981893052
2936,1.0244069997418674
2937,0.9932297480051299
2938,0.9630013584160559
2939,0.9336929528880549
2940,0.9052765322228866
2941,0.877724949362182
2942,0.8510118834530509
2943,0.825111814702978
2944,0.8000000000000003
2945,80.0
2946,77.71616660695798
2947,75.49753190100563
2948,73.34223459540848
2949,71.24846653929205
2950,69.21447120072364
2951,67.23854219309916
2952,65.31902184359836
2953,63.45429980250772
2954,61.64281169224439
2955,59.88303779494753
2956,58.1735017775363
2957,56.512769453164715
2958,54.89944757803443
2959,53.332182682556
2960,51.80965993587802
2961,50.33060204283166
2962,48.89376817236506
2963,47.49795291656878
2964,46.14198527941881
2965,44.82472769438893
2966,43.54507507010817
2967,42.30195386326274
2968,41.094321177964716
2969,39.92116389083184
2970,38.78149780104453
2971,37.67436680466689
2972,36.598842092539236
2973,35.554021371069084
2974,34.539028105266866
2975,33.55301078339155
2976,32.59514220258894
2977,31.664618774923618
2978,30.76065985322217
2979,29.882507076162224
2980,29.029423732057804
2981,28.200694140807304
2982,27.39562305348555
2983,26.613535069076274
2984,25.85377406785564
2985,25.11570266095148
2986,24.398701655616538
2987,23.702169535766956
2988,23.025521957350357
2989,22.36819125812012
2990,21.729625981404553
2991,21.109290413471488
2992,20.506664134100138
2993,19.921241579983203
2994,19.352531620592917
2995,18.80005714615527
2996,18.263354667386675
2997,17.74197392665733
2998,17.23547752025507
2999,16.743440531432775
3000,16.265450173931534
3001,15.80110544568046
3002,15.35001679238267
3003,14.911805780705178
3004,14.486104780798536
3005,14.072556657879868
3006,13.670814472620595
3007,13.280541190087433
3008,12.901409396992538
3009,12.533101027015567
3010,12.175307093967225
3011,11.827727432570427
3012,11.490070446641633
3013,11.162052864461067
3014,10.843399501126608
3015,10.533843027692011
3016,10.233123746895687
3017,9.940989375292041
3018,9.657194831602444
3019,9.381502031108363
3020,9.113679685914153
3021,8.85350311091191
3022,8.600754035285634
3023,8.355220419396556
3024,8.116696276896002
3025,7.884981501916565
3026,7.659881701196619
3027,7.4412080309973145
3028,7.228777038675264
3029,7.0224105087779884
3030,6.821935313533034
3031,6.627183267605293
3032,6.437990987000715
3033,6.2541997519980175
3034,6.075655373993415
3035,5.902208066146648
3036,5.733712317719802
3037,5.570026772003491
3038,5.411014107727996
3039,5.256540923859863
3040,5.106477627687323
3041,4.960698326100646
3042,4.819080719976191
3043,4.681506001575609
3044,4.547858754874047
3045,4.418026858733798
3046,4.291901392842139
3047,4.169376546334433
3048,4.0503495290258735
3049,3.934720485177357
3050,3.822392409723175
3051,3.713271066890224
3052,3.607264911140465
3053,3.5042850103703236
3054,3.4042449713025693
3055,3.3070608670081167
3056,3.2126511664969213
3057,3.120936666318909
3058,3.031840424117554
3059,2.9452876940803745
3060,2.8612058642321685
3061,2.779524395518405
3062,2.7001747626276567
3063,2.6230903965034273
3064,2.5482066284971476
3065,2.475460636115488
3066,2.404791390316468
3067,2.3361396043101594
3068,2.2694476838210154
3069,2.2046596787701116
3070,2.141721236336756
3071,2.080579555360092
3072,2.021183342042443
3073,1.963482766917233
3074,1.9074294230453817
3075,1.8529762854051077
3076,1.8000776714410682
3077,1.748689202739738
3078,1.6987677677988748
3079,1.6502714858598435
3080,1.6031596717724461
3081,1.5573928018627938
3082,1.5129324807755749
3083,1.4697414092629102
3084,1.42778335289277
3085,1.3870231116506948
3086,1.3474264904093336
3087,1.3089602702410055
3088,1.2715921805492343
3089,1.2352908719958657
3090,1.2000258902010639
3091,1.1657676501941119
3092,1.132487411593594
3093,1.1001572544961293
3094,1.068750056053433
3095,1.0382394677180538
3096,1.0085998931386955
3097,0.9798064666865858
3098,0.951835032594869
3099,0.9246621246935266
3100,0.8982649467228233
3101,0.8726213532087647
3102,0.8477098308845186
3103,0.8235094806422177
3104,0.8000000000000003
3105,80.0
3106,77.84947129645384
3107,75.75675226421738
3108,73.72028888632195
3109,71.73856892027507
3110,69.81012077509537
3111,67.93351241853455
3112,66.10735031367494
3113,64.33027838411321
3114,62.60097700696132
3115,60.918162032917536
3116,59.28058383267923
3117,57.687026368989834
3118,56.136306293630625
3119,54.627272068686736
3120,53.15880311143503
3121,51.72980896221878
3122,50.33922847469115
3123,48.98602902782626
3124,47.669205759112685
3125,46.38778081835994
3126,45.1408026415638
3127,43.92734524429137
3128,42.74650753406099
3129,41.59741264120661
3130,40.4792072677295
3131,39.391061053653914
3132,38.33216596041615
3133,37.30173567082902
3134,36.299005005176404
3135,35.32322935300393
3136,34.373684120184194
3137,33.44966419084563
3138,32.55048340376571
3139,31.675474042839454
3140,30.823986341244982
3141,29.995387998937957
3142,29.18906371311646
3143,28.404414721307774
3144,27.640858356737755
3145,26.89782761565253
3146,26.174770736271316
3147,25.47115078905767
3148,24.786445278004912
3149,24.120145752639587
3150,23.471757430454986
3151,22.84079882949416
3152,22.226801410809777
3153,21.62930923053519
3154,21.04787860130842
3155,20.482077762797562
3156,19.93148656108305
3157,19.39569613665863
3158,18.874308620819335
3159,18.366936840211075
3160,17.87320402932241
3161,17.392743550704978
3162,16.925198622714873
3163,16.470222054572766
3164,16.02747598854605
3165,15.596631649061486
3166,15.177369098562195
3167,14.76937699992754
3168,14.372352385279557
3169,13.986000431004257
3170,13.610034238820717
3171,13.24417462273534
3172,12.888149901723216
3173,12.54169569798245
3174,12.20455474061179
3175,11.876476674565716
3176,11.557217874745088
3177,11.24654126508539
3178,10.94421614250811
3179,10.65001800560465
3180,10.363728387925445
3181,10.085134695750572
3182,9.814030050221314
3183,9.550213133715493
3184,9.29348804035251
3185,9.043664130517
3186,8.800555889293152
3187,8.563982788704564
3188,8.33376915365726
3189,8.109744031486414
3190,7.891741065009869
3191,7.67959836899415
3192,7.473158409941297
3193,7.27226788910722
3194,7.076777628664695
3195,6.886542460926483
3196,6.701421120546337
3197,6.521276139617772
3198,6.345973745592786
3199,6.175383761944691
3200,6.0093795115012565
3201,5.847837722376434
3202,5.690638436430804
3203,5.537664920192711
3204,5.388803578174021
3205,5.243943868516078
3206,5.102978220903218
3207,4.965801956682928
3208,4.832313211133275
3209,4.702412857819931
3210,4.576004434986603
3211,4.452994073924189
3212,4.333290429265501
3213,4.216804611153785
3214,4.103450119234636
3215,3.9931427784223352
3216,3.8858006763928943
3217,3.7813441027573704
3218,3.67969548987031
3219,3.5807793552293674
3220,3.48452224542329
3221,3.39085268158669
3222,3.299701106321083
3223,3.2109998320427517
3224,3.124682990719128
3225,3.0406864849563293
3226,2.958947940401537
3227,2.879406659424882
3228,2.802003576046443
3229,2.726681212074858
3230,2.6533836344250195
3231,2.582056413583137
3232,2.512646583188313
3233,2.445102600700641
3234,2.3793743091266153
3235,2.3154128997734023
3236,2.2531708760043547
3237,2.192602017968835
3238,2.133661348280145
3239,2.0763050986161016
3240,2.0204906772174374
3241,1.9661766372598937
3242,1.9133226460765274
3243,1.861889455207372
3244,1.8118388712542042
3245,2.718281828459045
3246,2.5371324402897275
3247,2.3680550530772497
3248,2.2102451749678185
3249,2.0629519263584277
3250,1.9254744671155828
3251,1.7971586618882198
3252,1.6773939676479641
3253,1.5656105286472384
3254,1.4612764649726622
3255,1.363895341792333
3256,1.273003807255341
3257,1.188169387804344
3258,1.1089884304110174
3259,1.0350841819432672
3260,0.9661049965255963
3261,0.9017226623630116
3262,0.8416308400672835
3263,0.7855436050549208
3264,0.7331940870813974
3265,0.6843332004383633
3266,0.6387284587719574
3267,0.5961628688829712
3268,0.5564338982454284
3269,0.5193525113308978
3270,0.4847422701532479
3271,0.4524384947541217
3272,0.4222874796346124
3273,0.3941457624048216
3274,0.36787944117144233
3275,2.718281828459045
3276,2.4511363274110853
3277,2.2102451749678185
3278,1.9930281636469813
3279,1.7971586618882198
3280,1.6205386932865928
3281,1.4612764649726622
3282,1.317666104443559
3283,1.188169387804344
3284,1.0713992637091627
3285,0.9661049965255963
3286,0.8711587695892689
3287,0.7855436050549208
3288,0.7083424709523612
3289,0.6387284587719574
3290,0.5759559263708725
3291,0.5193525113308978
3292,0.46831192922221326
3293,0.4222874796346124
3294,0.38078619041868866
3295,0.3433635374154086
3296,0.30961868311660373
3297,0.27919018325723355
3298,0.2517521153523297
3299,0.22701058771102275
3300,0.2047005915353754
3301,0.18458316238656206
3302,0.1664428206145948
3303,0.15008526333580158
3304,0.1353352832366127
3305,2.718281828459045
3306,2.3680550530772497
3307,2.0629519263584277
3308,1.7971586618882198
3309,1.5656105286472384
3310,1.363895341792333
3311,1.188169387804344
3312,1.0350841819432672
3313,0.9017226623630116
3314,0.7855436050549208
3315,0.6843332004383633
3316,0.5961628688829712
3317,0.5193525113308978
3318,0.4524384947541217
3319,0.3941457624048216
3320,0.3433635374154086
3321,0.29912415677662624
3322,0.26058463237195334
3323,0.22701058771102275
3324,0.19776226427407143
3325,0.17228233081618782
3326,0.15008526333580158
3327,0.13074809334109833
3328,0.11390234812117407
3329,0.09922702944257059
3330,0.08644249687918797
3331,0.07530513922149758
3332,0.06560273242794844
3333,0.05715039566362559
3334,0.049787068367863944
3335,2.718281828459045
3336,2.2877898188256176
3337,1.9254744671155828
3338,1.6205386932865928
3339,1.363895341792333
3340,1.1478963822765358
3341,0.9661049965255963
3342,0.8131037598190377
3343,0.6843332004383633
3344,0.5759559263708723
3345,0.4847422701532478
3346,0.40797404404520005
3347,0.3433635374154086
3348,0.2889853424434044
3349,0.2432189765277741
3350,0.2047005915353754
3351,0.17228233081618782
3352,0.14499812281357777
3353,0.1220348919117706
3354,0.10270832859722365
3355,0.08644249687918792
3356,0.07275267126594445
3357,0.061230891834695766
3358,0.05153380693290396
3359,0.04337244122080515
3360,0.03650358414043511
3361,0.03072254218558116
3362,0.025857038988653224
3363,0.02176208144567273
3364,0.01831563888873418
3365,2.718281828459045
3366,2.2102451749678185
3367,1.7971586618882198
3368,1.4612764649726622
3369,1.188169387804344
3370,0.9661049965255963
3371,0.7855436050549208
3372,0.6387284587719574
3373,0.5193525113308978
3374,0.4222874796346124
3375,0.3433635374154086
3376,0.27919018325723355
3377,0.22701058771102275
3378,0.18458316238656206
3379,0.15008526333580158
3380,0.12203489191177064
3381,0.09922702944257059
3382,0.0806818707154285
3383,0.06560273242794844
3384,0.05334182839156718
3385,0.04337244122080515
3386,0.03526629502916688
3387,0.02867515708310303
3388,0.023315878037672585
3389,0.018958228095913708
3390,0.015415006544294353
3391,0.012533999778800809
3392,0.010191442345713926
3393,0.008286700089278946
3394,0.006737946999085467
3395,7.38905609893065
3396,6.662879337877394
3397,6.008069295554304
3398,5.4176122408486895
3399,4.885183733468521
3400,4.405080882275712
3401,3.9721612610900587
3402,3.5817878276853454
3403,3.229779255999857
3404,2.912365149565018
3405,2.6261456564390175
3406,2.3680550530772497
3407,2.135328907083
3408,1.9254744671155828
3409,1.7362439627994641
3410,1.5656105286472384
3411,1.4117464941153497
3412,1.273003807255341
3413,1.147896382276536
3414,1.0350841819432672
3415,0.9333588643117227
3416,0.8416308400672834
3417,0.7589176018322887
3418,0.6843332004383633
3419,0.6170787554426814
3420,0.5564338982454284
3421,0.5017490561548967
3422,0.4524384947541217
3423,0.40797404404520005
3424,0.36787944117144233
3425,7.38905609893065
3426,6.437041019570508
3427,5.607684734404696
3428,4.885183733468521
3429,4.255770650465948
3430,3.707451923514037
3431,3.229779255999857
3432,2.8136505227017796
3433,2.4511363274110853
3434,2.135328907083
3435,1.8602105033628245
3436,1.620538693286593
3437,1.4117464941153497
3438,1.229855338785492
3439,1.0713992637091627
3440,0.9333588643117227
3441,0.8131037598190377
3442,0.7083424709523614
3443,0.6170787554426814
3444,0.5375735693311238
3445,0.46831192922221315
3446,0.40797404404520005
3447,0.3554101662347747
3448,0.30961868311660373
3449,0.2697270310257103
3450,0.23497506847332436
3451,0.2047005915353754
3452,0.17832671545615317
3453,0.15535088202167807
3454,0.1353352832366127
3455,7.38905609893065
3456,6.218857491847286
3457,5.233982255122152
3458,4.405080882275712
3459,3.707451923514037
3460,3.1203058768961847
3461,2.6261456564390175
3462,2.2102451749678185
3463,1.8602105033628245
3464,1.5656105286472382
3465,1.317666104443559
3466,1.1089884304110174
3467,0.9333588643117227
3468,0.7855436050549206
3469,0.6611377242318554
3470,0.5564338982454284
3471,0.46831192922221315
3472,0.3941457624048214
3473,0.3317252291217297
3474,0.27919018325723355
3475,0.23497506847332425
3476,0.19776226427407131
3477,0.1664428206145948
3478,0.14008341093702958
3479,0.11789851882642269
3480,0.09922702944257054
3481,0.08351252814713171
3482,0.07028671922061311
3483,0.05915547054321793
3484,0.049787068367863944
3485,7.38905609893065
3486,6.008069295554304
3487,4.885183733468521
3488,3.9721612610900587
3489,3.229779255999857
3490,2.6261456564390175
3491,2.135328907083
3492,1.7362439627994641
3493,1.4117464941153497
3494,1.147896382276536
3495,0.9333588643117227
3496,0.7589176018322887
3497,0.6170787554426814
3498,0.5017490561548967
3499,0.40797404404520005
3500,0.33172522912172986
3501,0.2697270310257103
3502,0.2193160630518313
3503,0.17832671545615317
3504,0.14499812281357785
3505,0.11789851882642269
3506,0.0958637289348599
3507,0.07794715842720765
3508,0.06337912758437274
3509,0.05153380693290396
3510,0.041902332174932604
3511,0.034070943836623936
3512,0.02770321253414219
3513,0.02252558627057691
3514,0.01831563888873418
3515,7.38905609893065
3516,5.804425765907032
3517,4.55962954142428
3518,3.5817878276853454
3519,2.813650522701779
3520,2.2102451749678185
3521,1.7362439627994641
3522,1.363895341792333
3523,1.0713992637091625
3524,0.8416308400672834
3525,0.6611377242318554
3526,0.5193525113308977
3527,0.40797404404520005
3528,0.32048140132810143
3529,0.2517521153523297
3530,0.19776226427407131
3531,0.155350882021678
3532,0.1220348919117706
3533,0.0958637289348599
3534,0.07530513922149758
3535,0.05915547054321793
3536,0.046469201589239555
3537,0.03650358414043511
3538,0.02867515708310303
3539,0.02252558627057691
3540,0.017694830244964616
3541,0.013900060741464344
3542,0.010919103825332278
3543,0.008577432182920496
3544,0.006737946999085467
3545,20.085536923187668
3546,17.497691632544
3547,15.243267513259472
3548,13.279306171371198
3549,11.568384025250914
3550,10.07789919357374
3551,8.779450261518386
3552,7.648295087494541
3553,6.662879337877394
3554,5.804425765907032
3555,5.0565764083998195
3556,4.405080882275712
3557,3.83752484134452
3558,3.343093419053946
3559,2.912365149565018
3560,2.537132440289727
3561,2.2102451749678185
3562,1.925474467115583
3563,1.6773939676479641
3564,1.4612764649726624
3565,1.2730038072553405
3566,1.1089884304110174
3567,0.9661049965255966
3568,0.8416308400672834
3569,0.7331940870813974
3570,0.6387284587719575
3571,0.5564338982454284
3572,0.4847422701532479
3573,0.42228747963461244
3574,0.36787944117144233
3575,20.085536923187668
3576,16.904607313864876
3577,14.227438854575636
3578,11.974251315182407
3579,10.07789919357374
3580,8.481870764400865
3581,7.138604016784833
3582,6.008069295554304
3583,5.0565764083998195
3584,4.255770650465947
3585,3.5817878276853445
3586,3.014543098357587
3587,2.537132440289727
3588,2.1353289070829997
3589,1.7971586618882198
3590,1.5125441543391773
3591,1.2730038072553405
3592,1.0713992637091623
3593,0.9017226623630111
3594,0.7589176018322887
3595,0.6387284587719573
3596,0.5375735693311235
3597,0.4524384947541217
3598,0.3807861904186886
3599,0.32048140132810143
3600,0.26972703102571016
3601,0.22701058771102264
3602,0.1910591116393957
3603,0.16080124063157364
3604,0.1353352832366127
3605,20.085536923187668
3606,16.331625590228
3607,13.279306171371198
3608,10.797453775730071
3609,8.779450261518386
3610,7.138604016784833
3611,5.804425765907032
3612,4.719600413849506
3613,3.83752484134452
3614,3.120305876896185
3615,2.537132440289727
3616,2.0629519263584273
3617,1.6773939676479641
3618,1.363895341792333
3619,1.1089884304110174
3620,0.9017226623630116
3621,0.7331940870813974
3622,0.5961628688829712
3623,0.4847422701532479
3624,0.3941457624048216
3625,0.32048140132810143
3626,0.26058463237195323
3627,0.2118823443326969
3628,0.17228233081618782
3629,0.14008341093702958
3630,0.11390234812117407
3631,0.09261442750954355
3632,0.07530513922149758
3633,0.061230891834695766
3634,0.049787068367863944
3635,20.085536923187668
3636,15.778065084104567
3637,12.39435812695867
3638,9.736308765392872
3639,7.648295087494541
3640,6.008069295554304
3641,4.719600413849506
3642,3.707451923514037
3643,2.912365149565017
3644,2.287789818825617
3645,1.7971586618882198
3646,1.4117464941153495
3647,1.1089884304110174
3648,0.8711587695892686
3649,0.6843332004383633
3650,0.5375735693311235
3651,0.4222874796346123
3652,0.3317252291217297
3653,0.26058463237195323
3654,0.2047005915353754
3655,0.16080124063157364
3656,0.12631638626303007
3657,0.09922702944257054
3658,0.07794715842720765
3659,0.061230891834695766
3660,0.04809953551255484
3661,0.03778428252799949
3662,0.02968120151145838
3663,0.023315878037672585
3664,0.01831563888873418
3665,20.085536923187668
3666,15.243267513259472
3667,11.568384025250914
3668,8.779450261518386
3669,6.662879337877394
3670,5.0565764083998195
3671,3.83752484134452
3672,2.912365149565018
3673,2.2102451749678185
3674,1.6773939676479641
3675,1.2730038072553405
3676,0.9661049965255966
3677,0.7331940870813974
3678,0.5564338982454284
3679,0.42228747963461244
3680,0.32048140132810143
3681,0.2432189765277741
3682,0.18458316238656214
3683,0.14008341093702958
3684,0.10631176628481755
3685,0.08068187071542847
3686,0.061230891834695766
3687,0.046469201589239596
3688,0.03526629502916688
3689,0.026764212049045305
3690,0.02031183162319232
3691,0.015415006544294353
3692,0.011698719798824912
3693,0.00887836437423212
3694,0.006737946999085467
3695,54.598150033144236
3696,45.951486878514764
3697,38.67418850390513
3698,32.54938975946216
3699,27.394570246933565
3700,23.056115170208905
3701,19.404737579390964
3702,16.331625590228
3703,13.745199765167934
3704,11.568384025250914
3705,9.736308765392868
3706,8.194377725372057
3707,6.8966410088335195
3708,5.804425765907031
3709,4.885183733468521
3710,4.111521289482139
3711,3.4603831168213732
3712,2.9123651495650167
3713,2.4511363274110844
3714,2.0629519263584273
3715,1.7362439627994637
3716,1.4612764649726617
3717,1.229855338785492
3718,1.035084181943267
3719,0.8711587695892686
3720,0.7331940870813971
3721,0.6170787554426811
3722,0.5193525113308974
3723,0.43710309040247686
3724,0.36787944117144233
3725,54.598150033144236
3726,44.3939610711135
3727,36.09689666018238
3728,29.35052239219356
3729,23.865020109745444
3730,19.404737579390964
3731,15.778065084104567
3732,12.829204042554904
3733,10.431474042486991
3734,8.481870764400869
3735,6.8966410088335195
3736,5.607684734404696
3737,4.55962954142428
3738,3.707451923514037
3739,3.014543098357587
3740,2.4511363274110853
3741,1.9930281636469813
3742,1.620538693286593
3743,1.3176661044435591
3744,1.0713992637091627
3745,0.8711587695892686
3746,0.7083424709523611
3747,0.5759559263708723
3748,0.46831192922221315
3749,0.3807861904186886
3750,0.30961868311660373
3751,0.2517521153523297
3752,0.2047005915353754
3753,0.1664428206145948
3754,0.1353352832366127
3755,54.598150033144236
3756,42.88922760636558
3757,33.69135847192544
3758,26.466031193233967
3759,20.790221555028992
3760,16.331625590228
3761,12.829204042554904
3762,10.07789919357374
3763,7.916629263899994
3764,6.218857491847286
3765,4.885183733468521
3766,3.837524841344519
3767,3.014543098357587
3768,2.3680550530772493
3769,1.8602105033628245
3770,1.4612764649726617
3771,1.1478963822765358
3772,0.9017226623630111
3773,0.7083424709523611
3774,0.5564338982454284
3775,0.43710309040247686
3776,0.3433635374154084
3777,0.26972703102571016
3778,0.2118823443326969
3779,0.1664428206145948
3780,0.13074809334109833
3781,0.1027083285972236
3782,0.08068187071542847
3783,0.06337912758437274
3784,0.049787068367863944
3785,54.598150033144236
3786,41.43549708763332
3787,31.446128080475464
3788,23.865020109745444
3789,18.111583829367355
3790,13.745199765167934
3791,10.431474042486991
3792,7.916629263899997
3793,6.008069295554304
3794,4.55962954142428
3795,3.4603831168213732
3796,2.6261456564390184
3797,1.9930281636469813
3798,1.5125441543391773
3799,1.1478963822765362
3800,0.8711587695892686
3801,0.6611377242318554
3802,0.501749056154897
3803,0.3807861904186886
3804,0.2889853424434045
3805,0.21931606305183118
3806,0.1664428206145948
3807,0.12631638626303018
3808,0.0958637289348599
3809,0.07275267126594448
3810,0.05521328280404347
3811,0.041902332174932604
3812,0.031800417445379814
3813,0.02413389654491334
3814,0.01831563888873418
3815,54.598150033144236
3816,40.031040769884356
3817,29.35052239219356
3818,21.519629470706462
3819,15.778065084104567
3820,11.568384025250914
3821,8.481870764400865
3822,6.218857491847286
3823,4.55962954142428
3824,3.343093419053946
3825,2.4511363274110853
3826,1.7971586618882198
3827,1.3176661044435585
3828,0.9661049965255966
3829,0.7083424709523611
3830,0.5193525113308979
3831,0.3807861904186886
3832,0.27919018325723344
3833,0.2047005915353754
3834,0.15008526333580152
3835,0.11004162763586417
3836,0.08068187071542847
3837,0.05915547054321793
3838,0.04337244122080515
3839,0.031800417445379786
3840,0.023315878037672585
3841,0.017095063912332564
3842,0.012533999778800799
3843,0.009189854525296293
3844,0.006737946999085467
3845,148.4131591025766
3846,120.67529767292608
3847,98.12153825513776
3848,79.78299167448006
3849,64.87185050013072
3850,52.74754554807482
3851,42.88922760636558
3852,34.87339222247032
3853,28.355686333734607
3854,23.056115170208916
3855,18.747013931717614
3856,15.243267513259472
3857,12.39435812695867
3858,10.07789919357374
3859,8.194377725372057
3860,6.662879337877394
3861,5.4176122408486895
3862,4.405080882275712
3863,3.5817878276853454
3864,2.912365149565018
3865,2.3680550530772493
3866,1.9254744671155823
3867,1.5656105286472382
3868,1.2730038072553405
3869,1.035084181943267
3870,0.8416308400672834
3871,0.6843332004383633
3872,0.5564338982454284
3873,0.4524384947541217
3874,0.36787944117144233
3875,148.4131591025766
3876,116.58500803902758
3877,91.58260751033467
3878,71.94213166399811
3879,56.513681462672864
3880,44.3939610711135
3881,34.87339222247032
3882,27.394570246933565
3883,21.519629470706462
3884,16.904607313864876
3885,13.279306171371198
3886,10.431474042486986
3887,8.194377725372057
3888,6.437041019570506
3889,5.0565764083998195
3890,3.972161261090057
3891,3.1203058768961847
3892,2.4511363274110844
3893,1.9254744671155823
3894,1.5125441543391773
3895,1.1881693878043442
3896,0.9333588643117222
3897,0.7331940870813971
3898,0.5759559263708723
3899,0.4524384947541217
3900,0.3554101662347747
3901,0.27919018325723344
3902,0.21931606305183118
3903,0.17228233081618782
3904,0.1353352832366127
3905,148.4131591025766
3906,112.6333587864814
3907,85.47943853655217
3908,64.87185050013072
3909,49.232389207981974
3910,37.36332675019553
3911,28.355686333734607
3912,21.51962947070647
3913,16.331625590228
3914,12.39435812695867
3915,9.406296545962013
3916,7.138604016784834
3917,5.4176122408486895
3918,4.111521289482139
3919,3.120305876896186
3920,2.3680550530772493
3921,1.7971586618882198
3922,1.3638953417923334
3923,1.035084181943267
3924,0.7855436050549209
3925,0.5961628688829709
3926,0.4524384947541217
3927,0.3433635374154087
3928,0.26058463237195323
3929,0.19776226427407143
3930,0.15008526333580166
3931,0.11390234812117407
3932,0.08644249687918797
3933,0.06560273242794847
3934,0.049787068367863944
3935,148.4131591025766
3936,108.8156506990798
3937,79.78299167448006
3938,58.49641774539312
3939,42.88922760636558
3940,31.446128080475464
3941,23.056115170208905
3942,16.904607313864876
3943,12.39435812695867
3944,9.08747009185536
3945,6.662879337877394
3946,4.885183733468521
3947,3.5817878276853437
3948,2.6261456564390184
3949,1.9254744671155823
3950,1.4117464941153501
3951,1.035084181943267
3952,0.7589176018322884
3953,0.5564338982454284
3954,0.4079740440451999
3955,0.29912415677662624
3956,0.21931606305183118
3957,0.16080124063157364
3958,0.11789851882642269
3959,0.08644249687918788
3960,0.06337912758437274
3961,0.046469201589239596
3962,0.0340709438366239
3963,0.02498061456229504
3964,0.01831563888873418
